product_name,brand,product_category,product_code,product_series,business,product_identifier
HPSH,FRICK,Compressor,"1510, 1510 , 2709 , 2712",Not Specified,Industrial Refrigeration,8a642e63b91327c3fed7897b49bb3a503801ac21
NGC,FRICK,Compressor,"100, 150, 200, 250, 300 , 400, 450",Not Specified,Industrial Refrigeration,491a03ef2d081d736d04d528e73504c06b53e893
RWBII,FRICK,Compressor,Not Specified,Not Specified,Industrial Refrigeration,e371056e67dcd54a9fa06e7cf749702d2ab545e9
RWFII,FRICK,Compressor,"100, 100B, 100H, 1080, 119 SS, 134 , 134B, 134H, 159 SS, 177, 177B, 177H, 209 SS, 222, 222B, 222H, 264 SS, 270, 270B, 270H, 316, 316B, 316H, 375 SS, 399, 399B, 399H, 472 SS, 480, 480B , 480H, 496, 546, 546B, 546H, 676, 856",Not Specified,Industrial Refrigeration,c6d5358d5a677ce85b053a5285b0c472bf2caab5
RWF,FRICK,Compressor,Not Specified,Not Specified,Industrial Refrigeration,2ff804fde4739ce6149dda08a9b2611773cd11ee
RWH,FRICK,Compressor,"1179, 1395, 852",Not Specified,Industrial Refrigeration,68e80101184f773df4e3b244ac132756771544b0
RXB,FRICK,Compressor,Not Specified,Not Specified,Industrial Refrigeration,3358e40ae91ffbf8f0f1d520ed663d18a1601294
RXF,FRICK,Compressor,"101, 12, 15, 19, 19 , 24, 30, 30 , 39, 50, 58, 68, 85",Not Specified,Industrial Refrigeration,688eb1955a432dd3b27fe98c4224e60aea508e1a
SBTP,FRICK,Compressor,"4013, 4018, 4021",Not Specified,Industrial Refrigeration,550ce3ed3845253ec452e60815bf5e87a4128c24
SGC,FRICK,Compressor,"SGC 1913, SGC 1918, SGC 2313, SGC 2317, SGC 2321, SGC 2813, SGC 2817, SGC 2821 , SGC 2824, SGCB 3511, SGCB 3515, SGCB 3519, SGCH 3511, SGCH 3515, SGCH 3519, SGXB 3519, SGXB 3524, SGXH 3519, SGXH 4013, SGXH 4018, SGXH 4021",Not Specified,Industrial Refrigeration,5184770c1dabc199d6d63a6f9cab0622665e7c16
SGCB,FRICK,Compressor,"SGC 1913, SGC 1918, SGC 2313, SGC 2317, SGC 2321, SGC 2813, SGC 2817, SGC 2821 , SGC 2824, SGCB 3511, SGCB 3515, SGCB 3519, SGCH 3511, SGCH 3515, SGCH 3519, SGXB 3519, SGXB 3524, SGXH 3519, SGXH 4013, SGXH 4018, SGXH 4021",Not Specified,Industrial Refrigeration,45a31ff53019ee4510c44185f25b85ae45b4362f
SGCH,FRICK,Compressor,"SGC 1913, SGC 1918, SGC 2313, SGC 2317, SGC 2321, SGC 2813, SGC 2817, SGC 2821 , SGC 2824, SGCB 3511, SGCB 3515, SGCB 3519, SGCH 3511, SGCH 3515, SGCH 3519, SGXB 3519, SGXB 3524, SGXH 3519, SGXH 4013, SGXH 4018, SGXH 4021",Not Specified,Industrial Refrigeration,2f61d56a71520604f6bfecc06e848998dfd27bca
SGX,FRICK,Compressor,"SGC 1913, SGC 1918, SGC 2313, SGC 2317, SGC 2321, SGC 2813, SGC 2817, SGC 2821 , SGC 2824, SGCB 3511, SGCB 3515, SGCB 3519, SGCH 3511, SGCH 3515, SGCH 3519, SGXB 3519, SGXB 3524, SGXH 3519, SGXH 4013, SGXH 4018, SGXH 4021",Not Specified,Industrial Refrigeration,415622c2ce61f5329dd974d6c133c2097ddacf44
TDSB,FRICK,Compressor,"408L, 408S, 408XL, TDSB 355L, TDSB 355S, TDSB 355XL, TDSB355U, TDSH 163L, TDSH 163S, TDSH 193L, TDSH 193S, TDSH 233L, TDSH 233S, TDSH 233XL, TDSH 283L, TDSH 283S, TDSH 283SX, TDSH 355L, TDSH 355S, TDSH 355XL, TDSL 193L, TDSL 193S, TDSL 233L, TDSL 233S, TDSL 283L, TDSL 283S",Not Specified,Industrial Refrigeration,27a6bba66a21c804e331757a6e33bada04abd18a
TDSH,FRICK,Compressor,"408L, 408S, 408XL, TDSB 355L, TDSB 355S, TDSB 355XL, TDSB355U, TDSH 163L, TDSH 163S, TDSH 193L, TDSH 193S, TDSH 233L, TDSH 233S, TDSH 233XL, TDSH 283L, TDSH 283S, TDSH 283SX, TDSH 355L, TDSH 355S, TDSH 355XL, TDSL 193L, TDSL 193S, TDSL 233L, TDSL 233S, TDSL 283L, TDSL 283S, TDXB 355L, TDXB 355S, TDXB 355U, TDXB 355XL, TDXH 355L, TDXH 355S, TDXH 355XL, TDXH 408L, TDXH 408S, TDXH 408XL",Not Specified,Industrial Refrigeration,1a92a7c09b7ef83edcd5e08f79867d8f3e18f793
TDSL,FRICK,Compressor,"TDSB 355L, TDSB 355S, TDSB 355XL, TDSB355U, TDSH 163L, TDSH 163S, TDSH 193L, TDSH 193S, TDSH 233L, TDSH 233S, TDSH 233XL, TDSH 283L, TDSH 283S, TDSH 283SX, TDSH 355L, TDSH 355S, TDSH 355XL, TDSL 193L, TDSL 193S, TDSL 233L, TDSL 233S, TDSL 283L, TDSL 283S",Not Specified,Industrial Refrigeration,07c68800c1ac0435685d476a8db111059de15ed2
TDXB,FRICK,Compressor,"TDSH 163L, TDSH 163S, TDSH 193L, TDSH 193S, TDSH 233L, TDSH 233S, TDSH 233XL, TDSH 283L, TDSH 283S, TDSH 283SX, TDXB 355L, TDXB 355S, TDXB 355U, TDXB 355XL, TDXH 355L, TDXH 355S, TDXH 355XL, TDXH 408L, TDXH 408S, TDXH 408XL",Not Specified,Industrial Refrigeration,9267184f56821d6cd08a201ed877651e5b921d74
TDXH,FRICK,Compressor,"TDSH 163L, TDSH 163S, TDSH 193L, TDSH 193S, TDSH 233L, TDSH 233S, TDSH 233XL, TDSH 283L, TDSH 283S, TDSH 283SX, TDXB 355L, TDXB 355S, TDXB 355U, TDXB 355XL, TDXH 355L, TDXH 355S, TDXH 355XL, TDXH 408L, TDXH 408S, TDXH 408XL",Not Specified,Industrial Refrigeration,40a26d292e9fa66bfb3c601af2951b75120678e5
PDSH,FRICK,Compressor,Not Specified,Not Specified,Industrial Refrigeration,76ff9ce28264ee59f2c143901a40cdf7928c5e6b
XJF,FRICK,Compressor,"120L, 120M, 120S, 120S , 151XP, 151XQ, 151XR, 151XS, 151XT , 95L, 95M, 95S, XJF 151A, XJF 151L, XJF 151M, XJF 151N",Not Specified,Industrial Refrigeration,a7809851df8bbc67f61b896b8de256cf1fc428e1
XJS,FRICK,Compressor,"120L, 120M, 120S, 120S , 95L, 95M, 95S, XJF 151A, XJF 151L, XJF 151M, XJF 151N",Not Specified,Industrial Refrigeration,9424ba81c6320720915b38c102bc9dbb780e59c4
AcuAir,FRICK,"Control, Hygienic Air Handler","DP-18, DP-24, DP-36, DP-48, FS-01, FS-03, FS-05, FS-07, FS-10, FS-15, FS-20, FS-25, FS-30, FS-35, FS-40, FS-50, FS-60, WFB-1506, WFB-1508, WFB-1512, WFB-2510, WFB-2515, WFB-2520, WFB-4517, WFB-4523, WFB-4529, WFB-4535, WFB-6527, WFB-6531, WFB-6539, WFB-6547, WFS-1506, WFS-1508, WFS-1512, WFS-2510, WFS-2515, WFS-2520, WFS-4517, WFS-4523, WFS-4529, WFS-4535, WFS-6527, WFS-6531, WFS-6539, WFS-6547, YC-AA-F-07, YC-AA-F-10, YC-AA-F-15, YC-AA-F-20, YC-AA-F-30, YC-AA-F-40, YC-AA-F-50, YC-AA-F-60, YC-AA-F-70, YC-AA-F-80, YC-AA-P-03-MA, YC-AA-P-05-MA, YC-AA-P-07, YC-AA-P-07-MA, YC-AA-P-10, YC-AA-P-10-MA, YC-AA-P-15, YC-AA-P-15-MA, YC-AA-P-20, YC-AA-P-20-MA, YC-AA-P-30, YC-AA-P-30-MA, YC-AA-P-40, YC-AA-P-40-MA, YC-AA-P-50, YC-AA-P-50-MA, YC-AA-P-60, YC-AA-P-60-MA, YC-AA-P-70, YC-AA-P-70-MA, YC-AA-P-80, YC-AA-S-07, YC-AA-S-10, YC-AA-S-15, YC-AA-S-20, YC-AA-S-30, YC-AA-S-40, YC-AA-S-50, YC-AA-S-60, YC-AA-S-70, YC-AA-S-80",Not Specified,Industrial Refrigeration,02c89ee69c57a6c65996a026703705eb2ebf4c98
Air Diffuser,FRICK,Hygienic Air Handler,"FS-01, FS-03, FS-05, FS-07, FS-10, FS-15, FS-20, FS-25, FS-30, FS-35, FS-40, FS-50, FS-60, WFS-1506, WFS-1508, WFS-1512, WFS-2510, WFS-2515, WFS-2520, WFS-4517, WFS-4523, WFS-4529, WFS-4535, WFS-6527, WFS-6531, WFS-6539, WFS-6547",Not Specified,Industrial Refrigeration,e27c941c5f5ef7d8f9684fcb75e82eec38f169bb
Food Grade Series,FRICK,Hygienic Air Handler,"YC-AA-F-07, YC-AA-F-10, YC-AA-F-15, YC-AA-F-20, YC-AA-F-30, YC-AA-F-40, YC-AA-F-50, YC-AA-F-60, YC-AA-F-70, YC-AA-F-80",Not Specified,Industrial Refrigeration,55e6135a10c71edfdafb88e7947cb875d9e78bc8
Makeup Air Unit,FRICK,Hygienic Air Handler,"YC-AA-P-03-MA, YC-AA-P-05-MA, YC-AA-P-07-MA, YC-AA-P-10-MA, YC-AA-P-15-MA, YC-AA-P-20-MA, YC-AA-P-30-MA, YC-AA-P-40-MA, YC-AA-P-50-MA, YC-AA-P-60-MA, YC-AA-P-70-MA",Not Specified,Industrial Refrigeration,3195bdc7c0cc38a019fcb743aef48bfe6af1c946
Quantum LX,FRICK,Control,Not Specified,Not Specified,Industrial Refrigeration,c5920d1e2914198b2d069514c0cd4590e857b546
Sanitary Series,FRICK,Hygienic Air Handler,"YC-AA-S-07, YC-AA-S-10, YC-AA-S-15, YC-AA-S-20, YC-AA-S-30, YC-AA-S-40, YC-AA-S-50, YC-AA-S-60, YC-AA-S-70, YC-AA-S-80",Not Specified,Industrial Refrigeration,51ddb3dbc5c8bec90585066da99473dfca88a6d7
Compressor Oil,FRICK,"Accessory, Compressor, General",Not Specified,Not Specified,Industrial Refrigeration,4cb608922a0788af9272e41b89c0ed37e990c841
ECC,FRICK,Condenser,"ECC-033, ECC-036, ECC-039, ECC-1212, ECC-1218, ECC-1224, ECC-1236, ECC-312, ECC-512, ECC-812, ECC-818, ECC-C-712, ECC-C-718, ECL-0403, ECL-0406, ECL-0409, ECL-0412, ECL-0809, ECL-0812",Not Specified,Industrial Refrigeration,6948c68a91c3e178dc1778b0a5a77cd4d6069be2
ECL,FRICK,Condenser,"ECC-033, ECC-036, ECC-039, ECC-1212, ECC-1218, ECC-1224, ECC-1236, ECC-312, ECC-512, ECC-812, ECC-818, ECC-C-712, ECC-C-718, ECL-0403, ECL-0406, ECL-0409, ECL-0412, ECL-0809, ECL-0812",Not Specified,Industrial Refrigeration,c93d594f1657372bef08550d74d7473024bd09a4
ECH,FRICK,Condenser,"CH-2424, ECH-1212, ECH-1218, ECH-1224, ECH-1236, ECH-2412, ECH-2614, ECH-2629, ECH-806, ECH-809, ECH-812",Not Specified,Industrial Refrigeration,3e7d2297e1a62c4f9b0b645ecd5f7563e38447db
ECOSS,FRICK,Condenser,"IDSC 1012, IDSC 1018, IDSC 1024, IDSC 1036, IDSC 1212, IDSC 1218, IDSC 1224, IDSC 1236, IDSC 2412, IDSC 2418, IDSC 2424, IDSC 2436",Not Specified,Industrial Refrigeration,fcfbb0da69a2df8d02a4de96dea8664665fbba08
IDSC,FRICK,Condenser,"IDSC 1012, IDSC 1018, IDSC 1024, IDSC 1036, IDSC 1212, IDSC 1218, IDSC 1224, IDSC 1236, IDSC 2412, IDSC 2418, IDSC 2424, IDSC 2436",Not Specified,Industrial Refrigeration,cba5c71a94df4d63463cdb90e2b4bc5f39b4c330
Solid-State Starter,FRICK,Motors and Starters,Not Specified,Not Specified,Industrial Refrigeration,3eee3e468422ba648a72a48c558f2bbaf22e404e
Not applicable,FRICK,"Control, General",Not Specified,Not Specified,Industrial Refrigeration,85411cd0d8f551cc80e94683c49582fe7ae8899c
EZ-CAL,FRICK,Accessory,Not Specified,Not Specified,Industrial Refrigeration,39757e1b2aa9f10cdf0c361689deb9d330a2dc4e
Motor-plus package,FRICK,Motors and Starters,Not Specified,Not Specified,Industrial Refrigeration,e8bb7a3a6c9a7f5a0def04194488657f255dda11
Horizontal,FRICK,Vessel,Not Specified,Not Specified,Industrial Refrigeration,ea04263faac260d365450ebfebbd2c865489185b
Recirculator,FRICK,Vessel,Not Specified,Not Specified,Industrial Refrigeration,e9407af3c0ca8f22b26a0f2c73e18a1274b587ef
Vertical,FRICK,Vessel,Not Specified,Not Specified,Industrial Refrigeration,a0ba53b66d4a5cf9e19c227a8e925789bba6f721
IDC2,FRICK,Condenser,"IDC2-X-0406, IDC2-X-0412, IDC2-X-1012, IDC2-X-1212, IDC2-X-1218, IDC2-X-7409, IDC2-X-7418",Not Specified,Industrial Refrigeration,97ccdbc151ebc146389cf9c09f6f49945dadd86c
IDC3,FRICK,Condenser,"IDC3-0406, IDC3-0412, IDC3-0709, IDC3-0718, IDC3-1012, IDC3-1024, IDC3-1212, IDC3-1218, IDC3-1224, IDC3-1236, IDC3-2012, IDC3-2412, IDC3-2418, IDC3-2424, IDC3-2436, IDCF-0406, IDCF-0412, IDCF-0709, IDCF-0718, IDCF-1012, IDCF-1024, IDCF-1212, IDCF-1218, IDCF-1220, IDCF-1224, IDCF-1236, IDCF-1240, IDCF-2012, IDCF-2412, IDCF-2418, IDCF-2420, IDCF-2424, IDCF-2436, IDCF-2440",Not Specified,Industrial Refrigeration,136d38aa4d46523167d5eb5a1e3778f56090bf2b
IDCF,FRICK,Condenser,"IDC3-0406, IDC3-0412, IDC3-0709, IDC3-0718, IDC3-1012, IDC3-1024, IDC3-1212, IDC3-1218, IDC3-1224, IDC3-1236, IDC3-2012, IDC3-2412, IDC3-2418, IDC3-2424, IDC3-2436, IDCF-0406, IDCF-0412, IDCF-0709, IDCF-0718, IDCF-1012, IDCF-1024, IDCF-1212, IDCF-1218, IDCF-1220, IDCF-1224, IDCF-1236, IDCF-1240, IDCF-2012, IDCF-2412, IDCF-2418, IDCF-2420, IDCF-2424, IDCF-2436, IDCF-2440",Not Specified,Industrial Refrigeration,adaa643eb52896a9d6a706d392070e04c4d4b33d
LaZerWeld,FRICK,Heat Exchanger,Not Specified,Not Specified,Industrial Refrigeration,b3973fc5ac4d64ba8befa80dc512ab716e8d508b
Inverter Duty Motor,FRICK,Motors and Starters,Not Specified,Not Specified,Industrial Refrigeration,419dd2fad95472ee0eb86376ab73387be3982457
Low Noise-Smart Series,FRICK,Motors and Starters,Not Specified,Not Specified,Industrial Refrigeration,8e7e090038d03bed71871206775433db974f3ec1
Quantum HD Unity,FRICK,Control,Not Specified,Not Specified,Industrial Refrigeration,49163067836fa1c55fc60a50103eeae16b37b5f0
PowerPac,FRICK,Packaged Chiller Unit,Not Specified,Not Specified,Industrial Refrigeration,3237396de6d38d822e2ac47b6df47c65725f311b
Quantum HD,FRICK,Control,Not Specified,Not Specified,Industrial Refrigeration,6389522a4449e6ffe7b07f8209f02f0b2e941b38
Quantam HD,FRICK,Control,Not Specified,Not Specified,Industrial Refrigeration,97dd3135a4da4e84ef09670e25e692abdad6b851
Quantam LX,FRICK,Control,Not Specified,Not Specified,Industrial Refrigeration,dae31aeb15fd486f5b696cf5f6e9e0ac7e46cb77
Quantum,FRICK,Control,Not Specified,Not Specified,Industrial Refrigeration,86ecd04a48b50019dcd6976a5697f0b1ca1902ad
RTF,FRICK,Evaporator,"1005, 1155, 201, 302, 422, 453, 603, 604, 703, 734, 755, 904, 905",Not Specified,Industrial Refrigeration,93396048132b561ea406540df121f29e80e93b36
Smart Series Motors,FRICK,Motors and Starters,Not Specified,Not Specified,Industrial Refrigeration,03a0c21f309c111b434b6a29c724809b26f0e699
Valve,FRICK,Accessory,Not Specified,Not Specified,Industrial Refrigeration,743b4b5a6a2cc4c386874a16a03a536182fa939f
Variable Frequency Drive,FRICK,Motors and Starters,Not Specified,Not Specified,Industrial Refrigeration,f2c8f8fbf3c3f58a0dd461f3a9e70154e6312db8
Variable Speed Drive,FRICK,Motors and Starters,"254, 305, 362, 437, 572, 700, 752, 912",Not Specified,Industrial Refrigeration,3a3386c8742748463b14367bedc340363b01af77
Vyper,FRICK,Motors and Starters,"254, 305, 362, 437, 572, 700, 752, 912",Not Specified,Industrial Refrigeration,24f4fc60f5970f5877efd9e777b8ac67157dc69e
Drain Pan,FRICK,Hygienic Air Handler,"DP-18, DP-24, DP-36, DP-48",Not Specified,Industrial Refrigeration,bfff39276316f11562a6b61bf1deec2ff6df3887
WDP,FRICK,Hygienic Air Handler,"DP-18, DP-24, DP-36, DP-48",Not Specified,Industrial Refrigeration,119af08e2f5b8dba7c42e935fa101db3f617c13d
Return Air Box,FRICK,Hygienic Air Handler,"WFB-1506, WFB-1508, WFB-1512, WFB-2510, WFB-2515, WFB-2520, WFB-4517, WFB-4523, WFB-4529, WFB-4535, WFB-6527, WFB-6531, WFB-6539, WFB-6547",Not Specified,Industrial Refrigeration,ab1ec663edc37bf65aff06bfc4625e36ef05ad4d
WRB,FRICK,Hygienic Air Handler,"WFB-1506, WFB-1508, WFB-1512, WFB-2510, WFB-2515, WFB-2520, WFB-4517, WFB-4523, WFB-4529, WFB-4535, WFB-6527, WFB-6531, WFB-6539, WFB-6547",Not Specified,Industrial Refrigeration,53e7a16a3483811c95607de170e900d8ad5be339
XLP2,FRICK,Condenser,"XLP2-1012, XLP2-1018, XLP2-1024, XLP2-1036, XLP2-1212, XLP2-1218, XLP2-1224, XLP2-1236, XLP2-512, XLP2-712-, XLP2-812, XLP2-818",Not Specified,Industrial Refrigeration,146ca2003746fe9798d7d107142f048f0fe27dcd
XLP3,FRICK,Condenser,"XLP3-1012, XLP3-1018, XLP3-1024, XLP3-1036, XLP3-1212, XLP3-1218, XLP3-1224, XLP3-1236, XLP3-2018, XLP3-2412, XLP3-2418",Not Specified,Industrial Refrigeration,37262b87473f6736c52690b68858dac8c60b4b49
CYK,YORK,Centrifugal,Not Specified,Not Specified,Chillers,e3c649366b08d4e34d3be45cf404d01cd26d879a
YD Centrifugal Liquid Chillers,YORK,Centrifugal,Not Specified,Not Specified,Chillers,0eeecd07cdffe03a35058b45b54423e0c2521f8b
YK Centrifugal Liquid Chillers,YORK,Centrifugal,Not Specified,Not Specified,Chillers,bf41da49e5ab4c76189ad8a2e306767b3364d74f
YK-EP,YORK,Centrifugal,Not Specified,Not Specified,Chillers,c77ab7c787c2f9c3a6493e1fe27fd2876821de6f
YST,YORK,Centrifugal,Not Specified,Not Specified,Chillers,4644afe693f5f7a10c84113bc95741d0469aa071
YT,YORK,Centrifugal,Not Specified,Not Specified,Chillers,962cdf658e56f64cadf8c82c4f66da091b2baa99
PWRPNL Panel,Johnson Controls,Control Panel,"PWRPNL-3, PWRPNL-5",Not Specified,Building Automation and Controls,aca418135ff7fd062d0ed85796b801897b67c384
LCD Digital Thermostat,Johnson Controls,Digital Thermostat,Not Specified,Not Specified,Building Automation and Controls APAC,07c6f457c0b95f8af55afc1c992d1d548c22679d
YLAA,YORK,Scroll Air Cooled,Not Specified,Not Specified,Chillers,10fee30acd6437fb3f0444edc044e3b87dcd84a7
YPC Absorption Chillers,YORK,Not Specified,Not Specified,Not Specified,Not Specified,2c0492ccacb4babee1b8eee2f1004920b5328ed4
Air-cooled and Water-cooled Chillers Torque for Mueller Seal Cap Service Valves,YORK,Not Specified,Not Specified,Not Specified,Not Specified,67d774d6c599a418a8b84daa75054ec927df4ef7
Alarming Wrap Tag,Sensormatic,EAS Tag/Label,Not Specified,"Alarming Tag, Wrap Tag",Not Specified,3ed17a133200a58cf72c4bbad56fe735dad06e88
Liquid Cooled Solis State Starters,YORK,Not Specified,Not Specified,Not Specified,Not Specified,875ec60b6a80826c1eedfea2f7d7d29852e3bf33
All Screw and Scroll Air Cooled Chillers,YORK,Not Specified,Not Specified,Not Specified,Not Specified,bae04ec86405b165e90a57096940e6351f6afb76
Transformer Returns - MANDATORY,YORK,Not Specified,Not Specified,Not Specified,Not Specified,4c1bdfae02e5909d3ce251ef691447abcad29d75
All Single Stage Centrifugal Liquid Chillers Condenser Waterbox Procedure,YORK,Not Specified,Not Specified,Not Specified,Not Specified,57526104b36657f4e089c591b4f64b0ee1425aa6
VSD Compressor,YORK,Not Specified,Not Specified,Not Specified,Not Specified,097fb8dd954e301847a635a0bb69017e8eacab4a
YIA Absorption Chillers,YORK,Not Specified,Not Specified,Not Specified,Not Specified,b1d4ab5292166a0063f0d71ba1ca8bd230dc4b37
AMC-1060 Outdoor Digital Remote Alarm,Sensormatic,Detector,Not Specified,Remote Alarms/Beacons,Not Specified,a0df0e36e7edee4d94c990cb724b2f5dba7fc0af
BIC-2300 Overhead Stereo Traffic Sensor,Sensormatic,SmartEAS,Not Specified,"BIC-2300, Overhead",Not Specified,e30328f6c1650aa01023ba00cf8e7467128c1bbd
Bitzer Compressor,YORK,Not Specified,Not Specified,Not Specified,Not Specified,5d27da2b74b0dca6039bb350298eb60afaedfe27
Centrifugal Liquid Chillers Evaporator Refrigerant Temperature Sensor,YORK,Not Specified,Not Specified,Not Specified,Not Specified,1b2d58c71723a6463b957e73301d91dcf67293ea
Style “None” and Style “A” Liquid Cooled Solid State Starter LCSSS,Johnson Controls,Not Specified,Not Specified,Not Specified,Not Specified,7af705bdb04818806d4d7ed1ef7d899fb196b052
Chillers Control Panels with 2550 or 3478 Microboards,YORK,Not Specified,Not Specified,Not Specified,Not Specified,75b54663e6f2f0d91bf3c918bf13ea32575c615f
Chillers,YORK,Not Specified,Not Specified,Not Specified,Not Specified,5f116297f1251a698002eafee146bb86e884e047
Chillers Using Reciprocating,YORK,Not Specified,Not Specified,Not Specified,Not Specified,f8e597736c7851a892aca9fd9b9556c334e2dfbe
Screw and Scroll Compressors System Clean Up Procedure After Compressor Burnout - Reciprocating/Screw/Scroll Compressors,YORK,Not Specified,Not Specified,Not Specified,Not Specified,741b1be63bfaa8557e3bde56e468305a391d3eab
Chillers with 292/351 and 419/503 VSD Drives Trap Filter Resistor Wire Routing,YORK,Not Specified,Not Specified,Not Specified,Not Specified,6556f369f8dbe3c7ac9f55b0e02f55629e0d0d3b
Copeland Compressor Replacement and Piping Modifications,YORK,Not Specified,Not Specified,Not Specified,Not Specified,e7a769038a66ea63aa7dcab5c40aaed4fa608641
CYK and OM Chillers Field Replacement of 150 lb and 300 lb Sight Glass Kits,YORK,Not Specified,Not Specified,Not Specified,Not Specified,b7d0c3049f70803868c5691d3a6a10914742f1b6
CYK with Quantum Control Panel,YORK,Not Specified,Not Specified,Not Specified,Not Specified,d152c1561704369fbe21ea5b05c2c707fc82bd33
Data Logging on Scroll Chillers,YORK,Not Specified,Not Specified,Not Specified,Not Specified,1bceabe32f9b40168da6b646f743ca95c4b3eb1d
DX Evaporator Gasket Replacement Procedure Small Tonnage,YORK,Not Specified,Not Specified,Not Specified,Not Specified,ea36abd961fd3c39e7c7016d9577e61c7680adec
Gate Driver Test Mode,YORK,Not Specified,Not Specified,Not Specified,Not Specified,d6d2598522409d528f951f39a6edab93d87eb793
HFC 410A Refrigerant Charging SI0258,Johnson Controls,Not Specified,Not Specified,Not Specified,Not Specified,5920503b7d23e789b0830f637f37c539803883bf
HT,Johnson Controls,Not Specified,Not Specified,Not Specified,Not Specified,76b26d91b29395a67febd4249468adbf2e538b95
OT and YT Chillers,Johnson Controls,Not Specified,Not Specified,Not Specified,Not Specified,468f94fab1c01759255d65379b128d0a417b5dee
OT Open Turbopak Centrifugal Liquid Chillers,Johnson Controls,Not Specified,Not Specified,Not Specified,Not Specified,b46cc69026f4adeb38f8f283bb21a638d3504ce1
YT Chillers,Johnson Controls,Not Specified,Not Specified,Not Specified,Not Specified,e91e90671bd0a2ebf3577038d3996d13fe9406b9
KVS Stepper Valve,YORK,Not Specified,Not Specified,Not Specified,Not Specified,38de8ec2fd48796ef241c388019072223db2857e
Large Tonnage Chillers excluding Absorption Leak Checking Heat Exchanger Bundles,YORK,Not Specified,Not Specified,Not Specified,Not Specified,aedfc180df7a7ed000b03b150998878c27b50aa0
Megger Testing 3-Phase Motors,YORK,Not Specified,Not Specified,Not Specified,Not Specified,db54090fcc060497f44c232529b6465f7703b08e
OM and YST Chillers - Turbine Warranty Locations outside US,YORK,Not Specified,Not Specified,Not Specified,Not Specified,47b24aeb2ebba4314d53c50a813a696cce3b6a09
Canada and Mexico,YORK,Not Specified,Not Specified,Not Specified,Not Specified,01f852dafc43fb7bc160614a064f10e22af120af
OM and YST Dresser-Rand Warranty Procedures,YORK,Not Specified,Not Specified,Not Specified,Not Specified,af913743f6b7aa134284a448930a9e30c3cc62d6
OM Compressor,YORK,Centrifugal,Not Specified,Not Specified,Not Specified,b68b8dfbfb03599e3d811b3a2729c577efb8dfb1
OM Kinetrol Pneumatic Actuator with Integrated AP Pneumatic Positioner,YORK,Not Specified,Not Specified,Not Specified,Not Specified,3843abf1ba2f9cb43d47bd3957c3cd3b3a3455ec
OM Titan Chillers Purging Inert Gases / Noncondensables,YORK,Not Specified,Not Specified,Not Specified,Not Specified,ec66736b6d3fc7cb007fb452c55458ffd11b9772
OM Titan Chillers Refrigerate Charging in OM Titan,YORK,Not Specified,Not Specified,Not Specified,Not Specified,52452635dc0a3cd88923cd45f135f6d1595320c0
OM Titan Water Chilling Systems Commissioning andof Oil Recovery System,YORK,Not Specified,Not Specified,Not Specified,Not Specified,42964acfba6a2dece123ac68d762b8d2211baef8
Optiview Panel LED Display,YORK,Not Specified,Not Specified,Not Specified,Not Specified,78715f5f216f4287fe9fb916e8b06943ee2c16bf
OptiView Panel Microboard Replacements,YORK,Not Specified,Not Specified,Not Specified,Not Specified,ef2ce15ef564e018d1e9e823f638009740754d58
OT Open Turbopak Centrifugal Liquid Chillers,YORK,Not Specified,Not Specified,Not Specified,Not Specified,9ef92b167dbb8e07caddf09cfa8115703e30ceaf
YK Motor Qualification for Aftermarket Low Voltage VSD Application,YORK,Not Specified,Not Specified,Not Specified,Not Specified,36b94c73bcf4469bb169e190f430c7f49b670418
"OT/HT Style ""B"" and ""C"" Turbopak",Johnson Controls,Not Specified,Not Specified,Not Specified,Not Specified,12f6a58767b927a58fe7c63c329c6bdf350faa0b
PENN Connected C20 Gateway,PENN Controls,PENN Connected,"RMZ1216C20-EU, RMZ1216C20-UK",Not Specified,Building Automation and Controls,f3a38050ce13fbf0f2db383a476a0fed951ece37
PENN Connected E10 Temperature Sensor,PENN Controls,PENN Connected,RMZ-1214-E10,Not Specified,Building Automation and Controls,0e5cab613354f1e12ea15065c8a90ba3b117d50e
PENN Connected E11 Temperature Sensor,PENN Controls,PENN Connected,"RMZ1214E11-NT1, RMZ1214E11-NT3",Not Specified,Building Automation and Controls,ec910a6280662bde58623f2e45a14347758ab144
RMZ-1214-E61-DS1 Door Sensor,PENN Controls,PENN Connected,RMZ1214E61-DS1,Not Specified,Building Automation and Controls,4a482fa1a5df55ebfacebabe95a4f015792fddc1
PENN Connected PC10,PENN Controls,PENN Connected,PC10,PC10,Building Automation and Controls,0c932d764480b5ddb46fce48c11619d3217e6025
PENN Connected R10 Repeater,PENN Controls,PENN Connected,"RMZ1214R10-EU, RMZ1214R10-UK, RMZ1214R10-US",Not Specified,Building Automation and Controls,05502f713cd637a6280ff06a5ef06b1c58843547
Pump Proportioning,SKUM,Foam Hardware,Not Specified,Not Specified,Special Hazards EMEA,de6184e7f729a6e26bae4f597fa217a27a364e36
Proper of Waterbox Gaskets All Chillers,YORK,Not Specified,Not Specified,Not Specified,Not Specified,d2ed1a79cf6beac15601e2dfc9dce3e484938893
SC-EQ Firmware 3.0.0.1114,YORK,Not Specified,Not Specified,Not Specified,Not Specified,1ccb8a12fa227134ad4d6c67813efdf061178365
Screw and Scroll Chillers Data Logging,YORK,Not Specified,Not Specified,Not Specified,Not Specified,b64383621fc59fa04004831d16c0247679c896c2
Service Information: Large Tonnage and Small Tonnage Chillers: Oil Shelf Life,YORK,Not Specified,Not Specified,Not Specified,Not Specified,3345cd719df8057fa3a60005d5124f31ba8682c8
Single Stage Centrifugal Compressor,YORK,Not Specified,Not Specified,Not Specified,Not Specified,372f463a9d03036c8f18cae34465b6ab8b6cd9e6
Small Tonnage Split Systems,YORK,Not Specified,Not Specified,Not Specified,Not Specified,ce8a3f03441e3358d116b9fb396a123c96c173eb
Trane Tri-State Vane Actuator Replacement for Trane OptiView Retrofits,YORK,Not Specified,Not Specified,Not Specified,Not Specified,b2e55ec67abf0a14272d958beb4c1212ba59fbd1
Transiton solution,Sensormatic,RFID,Not Specified,Not Specified,Not Specified,ced4e3065e07cf8eae61642e62394acf8d2a3157
OptiView Control Center,YORK,Not Specified,Not Specified,Not Specified,Not Specified,34b24fe581665b953637903612d0fc42ba5f4ba8
Tube Expansion Procedures,YORK,Not Specified,Not Specified,Not Specified,Not Specified,fc15f1902f36a61cdaa7cb142f7c7218538d1878
Tube Extraction Procedures,YORK,Not Specified,Not Specified,Not Specified,Not Specified,95c0d32cbe66f6465fac8e5d4009fd4199b2840b
Type S Model Absorption Chillers Globe Valve,YORK,Not Specified,Not Specified,Not Specified,Not Specified,658d68585399a9b0011a3a88599fded7e0f120b8
V27/V0 YK OptiView Chillers Control Panel,YORK,Not Specified,Not Specified,Not Specified,Not Specified,f6db44a041725e085ac540859a36d0ccc4dc349f
V5 YD OptiView Chillers Control Panel,YORK,Not Specified,Not Specified,Not Specified,Not Specified,c090a861fe7efdd3d177d69328d45eb4cd914d84
V6 YD OptiView Chillers Control Panel,YORK,Not Specified,Not Specified,Not Specified,Not Specified,5f9b7fff89e6d4c74cfce3b8bca3ac0d3e8333fe
YVWA,YORK,Not Specified,Not Specified,Not Specified,Not Specified,90425fd09b80050fa5effd42da03bc9583315954
VSD Power Modules and Pole Assembly,YORK,Not Specified,Not Specified,Not Specified,Not Specified,98e0361ecb64b2ad43977669e7fcc8986b682689
YCAL,YORK,Not Specified,Not Specified,Not Specified,Not Specified,e089c1f208dae0a7df61357cf9dbfb8e510a0a46
YCWS,YORK,Not Specified,Not Specified,Not Specified,Not Specified,d9210bbf9a53f461f5e2a3ab51bbdc098bf1cf52
YCAS,YORK,Not Specified,Not Specified,Not Specified,Not Specified,18310553e51eb08ea956527a011cea243d145927
YCWL,YORK,Not Specified,Not Specified,Not Specified,Not Specified,ff895b81a376ab70154e30f58a4401c89fade93d
YCRL,YORK,Not Specified,Not Specified,Not Specified,Not Specified,1e332f8de730ecf456bacb90fb2a1be79b81d484
YCAJ/Z,YORK,Not Specified,Not Specified,Not Specified,Not Specified,bbddfe9f3ce218d4bc7c0ca649b0f7c159dd6d02
YCUJ/Z,YORK,Not Specified,Not Specified,Not Specified,Not Specified,8eaade0c7132e06ab5d852ea18e61bd2d9c890f1
YCWJ/Z,YORK,Not Specified,Not Specified,Not Specified,Not Specified,1a550a2a3b225578d91d0add91d2eb93817461ae
"YCRJ/Z and YCAS Style D Chillers Phase Out of ABB ""EH"" Style Contactors",YORK,Not Specified,Not Specified,Not Specified,Not Specified,49e959dba4b34ff5c207d19ad73f7cdb6a21de98
YCAL Style A Chillers Piping Replacement,YORK,Not Specified,Not Specified,Not Specified,Not Specified,751b473a0b7ebd69db897f4f82a3194a06d742ff
YCUL Style A Chillers Piping Replacement,YORK,Not Specified,Not Specified,Not Specified,Not Specified,9bb8b66d4a44119c2abaf1234ceb03bb57372674
YCUL,YORK,Not Specified,Not Specified,Not Specified,Not Specified,85418b9bca00385b4ecb14640acecf6c4bceeafb
YLUA,YORK,Not Specified,Not Specified,Not Specified,Not Specified,0f3304f2c6573ab38fdfcbb1fed2288921079d11
YCAL Chillers Using Copeland Scroll Compressors,YORK,Not Specified,Not Specified,Not Specified,Not Specified,d8fbbbc840cd660756620be02d5cd7054f3510aa
YCUL Chillers Using Copeland Scroll Compressors,YORK,Not Specified,Not Specified,Not Specified,Not Specified,202f93029f568268072b0c22fb6e09f33f1be502
YCAS Style F Evap Temperature Sensor,YORK,Not Specified,Not Specified,Not Specified,Not Specified,43a3014ff82713963e7e7402a4122bdf9ed143d9
YCIV,YORK,Not Specified,Not Specified,Not Specified,Not Specified,8f8e1df375e4e7c777f1ef902e65971829024a9f
YVAA 115VAC Electronic Flow Switch Screw Chillers,YORK,Not Specified,Not Specified,Not Specified,Not Specified,a1d9ed63493d4563500cd2dcf80f674274a16a98
YCRS New Style Motor Protection Model,YORK,Not Specified,Not Specified,Not Specified,Not Specified,1c54c0a1a245b0224730bc89fc10c5570c81a4e4
YCAV,YORK,Not Specified,Not Specified,Not Specified,Not Specified,0736e6fbf05336d5da4b8291960626f4f06c20da
YVAA,YORK,Not Specified,Not Specified,Not Specified,Not Specified,cb4168b18ab7a515663fa994e7c7132c42b89bc5
YCAV and YCIV Ordering Activation of YCAV and YCIV Optimized IPLV,YORK,Not Specified,Not Specified,Not Specified,Not Specified,96cdc2b7f8ae5cff2043af11a178b8ca4edc9aa0
YCAV,Johnson Controls,Not Specified,Not Specified,Not Specified,Not Specified,47d85d9f720ac8993ae66859d38679efebf01d72
YCIV,Johnson Controls,Not Specified,Not Specified,Not Specified,Not Specified,9f7ae31a03133ce2172afe43d5b70561cb6185a3
YLAA,Johnson Controls,Not Specified,Not Specified,Not Specified,Not Specified,6d0eea981656070bea5734e9d17e211542c13eb9
YVAA,Johnson Controls,Not Specified,Not Specified,Not Specified,Not Specified,3167c2642b403c8269e12df9319ec0d55744ed14
YCIV Condenser Fan Motor Fuses Blowing,YORK,Not Specified,Not Specified,Not Specified,Not Specified,b0dd4196bc8d24b800f4d7b59692e52345a0e1cd
YCWL0056-0156 Scroll Chillers User Input Wiring Error,YORK,Not Specified,Not Specified,Not Specified,Not Specified,318f0d97874f6a6daa5c377dd484df79e38cde38
YCWS Updated Star Delta Open Transition Starting and Closed Loop 460V/60 HZ,YORK,Not Specified,Not Specified,Not Specified,Not Specified,46294f195f009edb629b3a8532dd7d4305aff1be
YD Chillers,YORK,Not Specified,Not Specified,Not Specified,Not Specified,99765328137b1000c97ea83e44b03d655e49c492
YD Chillers Microboard P/N 031-02430-001,YORK,Not Specified,Not Specified,Not Specified,Not Specified,5cd057a7db88a15b664d896d44e3f6f090129742
YD Chillers Using OptiView Control Centers,YORK,Not Specified,Not Specified,Not Specified,Not Specified,66c82501245c6163a8e6bd6e13ce3cd44b24f4da
YD Chillers w/Oil Reservoir Heater,YORK,Not Specified,Not Specified,Not Specified,Not Specified,d7837b7017eb1df66488edc30daffca89937bd8e
YD Stall Transducers,YORK,Not Specified,Not Specified,Not Specified,Not Specified,85addcb222b3219bee0b4466c930021c3f18a5cd
YR Chillers,YORK,Not Specified,Not Specified,Not Specified,Not Specified,935477948ce3ad3636655beadece241925aae5f8
YHAU Lithium Bromide Charging All YHAU Shipments to North America,YORK,Not Specified,Not Specified,Not Specified,Not Specified,c1cb840a9ddd090a027438ee0c46c8d8483cd016
YK / YT VSD Retrofit,YORK,Not Specified,Not Specified,Not Specified,Not Specified,e9c6046d4a0a925f843208f5f416b3398d3f3376
YK and YD Chillers with Variable Geometry Diffuser,YORK,Not Specified,Not Specified,Not Specified,Not Specified,cebd9591bb949e8787a7e7cd6ada7365c88327fb
YK and YD Wiring - Replacement Stall Pressure Transducer on Units with Variable Geometry Diffuser,YORK,Not Specified,Not Specified,Not Specified,Not Specified,9cdc9c6941d953178531d9ca758c2a7a3068f681
YK and YT Chillers with OptiView,YORK,Not Specified,Not Specified,Not Specified,Not Specified,4db6f923f21526a6dd4de36b1d165c566330aa84
YK Centrifugal Liquid Chillers -,YORK,Not Specified,Not Specified,Not Specified,Not Specified,c675ef2af1217938f0920b75eedef9f35578fe2b
YK Chillers Software Enchancements - Vers 19,YORK,Not Specified,Not Specified,Not Specified,Not Specified,333264cd95298ed836dcadba2743438c332d016f
YK Chillers Two Piece Promixity Probe,YORK,Not Specified,Not Specified,Not Specified,Not Specified,5b1ea1f35f6dd529054a52ad41879e0e3f3666e3
YK Chillers with OptiView Control Panel Software Enhancement Effective May 2013,YORK,Not Specified,Not Specified,Not Specified,Not Specified,4aeeb43af04ef6b212e9556a39ee658d93ceb185
YK Chillers - Error in Displaying Input Filter Power for VSD w/Harmonic Filter,YORK,Not Specified,Not Specified,Not Specified,Not Specified,1ecfd319052046facd2f77c1a3ce0e53c533339e
YK Chillers Improper Calculation of the 105% Overload Timer,YORK,Not Specified,Not Specified,Not Specified,Not Specified,eb6f6bb046c6d9064905e96211477418edc262ea
YK Chillers SC-EQ Firmware 3.1.0.10,YORK,Not Specified,Not Specified,Not Specified,Not Specified,7f7cc463a426f82349e9bf843a5581314b44a965
YK High Speed Forward Thrust 029-20896-002,YORK,Not Specified,Not Specified,Not Specified,Not Specified,6475c3ec9a9de3eb81b1f827b3cc2c2e8e645906
YK,YORK,Not Specified,Not Specified,Not Specified,Not Specified,c33ae0ff950bcb3a9d97738cb18b6924fe657123
YK Microboard 031-02430-001,YORK,Not Specified,Not Specified,Not Specified,Not Specified,8ecdb62122c00615d29c3f2ac3d0fbd360d69a5a
YK MOD G and H,YORK,Not Specified,Not Specified,Not Specified,Not Specified,3b9690ebe9cbb3c310347fb9f0c2f4285209242f
YD and YKEP Oil Coolers Availability,YORK,Not Specified,Not Specified,Not Specified,Not Specified,1d3be852918a709727ac67c31d2dad361316b52a
YD and YKEP Thermal Expansion Valve Availability,YORK,Not Specified,Not Specified,Not Specified,Not Specified,af79ffb8c6925caf752288cf78de276ed724e28a
YK Mod G and H V05 03630 OptiView Chillers Control Panel Software,YORK,Not Specified,Not Specified,Not Specified,Not Specified,e214ecf445cd5253f9588c6b67ce9f12ce46a817
YK MOD H and YZ MOD A Start Circuit Wiring Differences,YORK,Not Specified,Not Specified,Not Specified,Not Specified,69ed345c8209520be4987d45e2f41871c58af638
YK New Microboard 031-02430-001,YORK,Not Specified,Not Specified,Not Specified,Not Specified,02635a0ec211e83c918a5582ea5118568b6ebeac
YK Proximity Probe,YORK,Not Specified,Not Specified,Not Specified,Not Specified,be59df6fd364c8052c3bf76f42a51e7b52d5ebf5
YK RMA Procedure for YORK YRS Compressors,YORK,Not Specified,Not Specified,Not Specified,Not Specified,559f422e53f5b0f1e94810af21d794c9b302fa28
YK Shaft Seal Application,YORK,Not Specified,Not Specified,Not Specified,Not Specified,eedecfd08ff084274edcf5bcfbf3261d0a960f0e
YK Software Enchancements Version 15,YORK,Not Specified,Not Specified,Not Specified,Not Specified,a116e4e0ec41d9921fe6a1e246d64d9f6dd27438
YK Style “A” thru “F”,YORK,Not Specified,Not Specified,Not Specified,Not Specified,3d4c43c8afad7f8d3b3f6d405136f1e556155a98
YK Style G and H V.02 03630 OptiView Chillers Control Panel Software,YORK,Not Specified,Not Specified,Not Specified,Not Specified,dab937206b7036f458b5074a52c608666d689a34
YK Style G and Style H V.03 03630 OptiView Chillers Control Panel,YORK,Not Specified,Not Specified,Not Specified,Not Specified,c29d83afb66ed18011dc917625d0e54ffc3b3fe5
YK Style G and Earlier V.00A 03630 OptiView Chillers Control Panel Software,YORK,Not Specified,Not Specified,Not Specified,Not Specified,ba1e1e725dba00a4f335b3b79669d49169260df7
YK Style G and Earlier V.00C 03630 OptiView Chillers Control Panel Software,YORK,Not Specified,Not Specified,Not Specified,Not Specified,2bcc0407144f2f3a7a3a4693962dcd2cb5daca7b
YK Style G and Earlier V.28 02430 OptiView Chillers Control Panel Software,YORK,Not Specified,Not Specified,Not Specified,Not Specified,6ebcfceca561ee0e38eb6bed0c81bd9f28f0eeea
YK Style G and Later V.01 03630 OptiView Chillers Control Panel Software,YORK,Not Specified,Not Specified,Not Specified,Not Specified,ec0a83d80fe37ae7d848237f38dd05d0f5c0d4cc
YK Style G and Later V.03A 03630 OptiView Chillers Control Panel Software,YORK,Not Specified,Not Specified,Not Specified,Not Specified,e3dfba06dfc2e333b88941ba449b66358ab2fbf7
YK Style G and Style H Centrifugal Liquid Chillers New Style Oil Filter and Assembly,YORK,Not Specified,Not Specified,Not Specified,Not Specified,de74948659e08661d667c475dcfc78552f49ebe2
YK Style G V04 03630 OptiView Chillers Control Panel and Microboard Software Release,YORK,Not Specified,Not Specified,Not Specified,Not Specified,9631fb8c31de8cdd9b70ecb7580f56c0d8e5bb40
YK Style Gand earlier V.29 02430 OptiView Chillers Control Panel Software,YORK,Not Specified,Not Specified,Not Specified,Not Specified,55a8e11422d1fbcdcf281c785a3b77114af057a1
YK V.26 OptiView Chillers Control Panel,YORK,Not Specified,Not Specified,Not Specified,Not Specified,68e608f4c8eace078324e16eca93e5024ed32a11
YK V24 OptiView Chillers Control Panel,YORK,Not Specified,Not Specified,Not Specified,Not Specified,7b911fe4d4b971371a34905c6f7066afd34a012b
YKEP,YORK,Not Specified,Not Specified,Not Specified,Not Specified,895b1d830e388c6c33a4baf9a659f477830fa42d
YS,YORK,Not Specified,Not Specified,Not Specified,Not Specified,7f0c0b95a76e16a608235188fbadea027bf8d2f9
YT Chillers - Motor Qualification for Aftermarket MV VSD Application,YORK,Not Specified,Not Specified,Not Specified,Not Specified,02bc58ea28a565380e7fc6fb8703780bb037172e
YT Optiview Retrofit,YORK,Not Specified,Not Specified,Not Specified,Not Specified,8199cd9e8049ca8a162fce4fcfb0157265a5b1d1
YT Optiview Retrofit VSD,YORK,Not Specified,Not Specified,Not Specified,Not Specified,fc6e4fcd22640374c15ef0e8ae93c4a5f0bdcb9c
YKEP with Electric Drive Motors - York Chillers Motor Re-lubrication with Grease Lubricated Bearings,YORK,Not Specified,Not Specified,Not Specified,Not Specified,b67dba3769a4b215eb5e9c81fa237d3005262c43
YKEP V01 03630 Optiview Control Panel Software Modifications,YORK,Not Specified,Not Specified,Not Specified,Not Specified,adbb4c41d9b6b056ae5ca1948a0bbb09c6d0ef65
YKEP V02 03630 Optiview Control Panel Software Release,YORK,Not Specified,Not Specified,Not Specified,Not Specified,1843988ebae64e810e7687d6c3bbac8aa29a9d1b
YLAA and QTC3 VSD Fan Setting,YORK,Not Specified,Not Specified,Not Specified,Not Specified,d3c48548e8620b0e628edcd65cc2c5adbecc10c7
YLAA Bitzer BSD6 60Hz Scroll Compressor Noise and Vibration,YORK,Not Specified,Not Specified,Not Specified,Not Specified,4b75dc38ae918cc1f377d034224860d3ec1b375d
YLAA Scroll Compressor Motor Protector Mandatory Return,YORK,Not Specified,Not Specified,Not Specified,Not Specified,8ada4529663fe23308dd3c93d41a1bdf2bfdc9ec
YLAA Scroll Compressor Sequencing,YORK,Not Specified,Not Specified,Not Specified,Not Specified,59d187bc9a8e7ebffaef79cb9d30897e19fbdd7b
YLAA ZRC Coating Evaluation on MCHX Coils,YORK,Not Specified,Not Specified,Not Specified,Not Specified,160f6407a8ba69db675149874004a87b48049c8b
YLAA-YCUL-YCAL-YCWL-YLUA-YLPA-YCRL Flash Card Used In the 031-02550-XXX Control P.C.B.'s,YORK,Not Specified,Not Specified,Not Specified,Not Specified,b7f4f3598c78d6a1d34193a0d76184ef01c0b82b
YCWL Sporlan Parker EEV Controller and Valves,YORK,Not Specified,Not Specified,Not Specified,Not Specified,cc27088bc8f79737d139ae9baf5e9f5c9ef86418
YVAA Microchannel Coil Segment Preparation for Analysis,YORK,Not Specified,Not Specified,Not Specified,Not Specified,e2bb73e972ce5f31693043f76754cc8b58100ead
YMC2 Chillers VSD Models HYP 744 and HYP 774 DC Link Bus Bar Assembly Torque,YORK,Not Specified,Not Specified,Not Specified,Not Specified,5c59fe511adc97b7ef3b1361c057a7172dd2cdcd
YMC2 Mod A and B HYP Drive Output Filter Capacitor Overheating,YORK,Not Specified,Not Specified,Not Specified,Not Specified,ee1dbc2a58f10543a65a0c01ee63f0d63e5ae6e0
YMC2 Mod A and B Output Line Voltage Isolation Board,YORK,Not Specified,Not Specified,Not Specified,Not Specified,5327c597347ebdc2d665216719ce60707a1f397e
YMC2 Mod A V06 03630 OptiView Chillers Control Panel Software,YORK,Not Specified,Not Specified,Not Specified,Not Specified,445be817534c30d01b1240e0c786eb10b7ff9306
YMC2 Mod A VGD Calibration,YORK,Not Specified,Not Specified,Not Specified,Not Specified,1730abaf6ba0e2b6a240c5ecef4667afa39532be
YMC2 Mod B,YORK,Not Specified,Not Specified,Not Specified,Not Specified,a4ad314277947e7fbc2ace6a019a891dc5861e66
YMC2 Mod B V08 03630 OptiView Chillers Control Panel,YORK,Not Specified,Not Specified,Not Specified,Not Specified,135d9bc0dbd6a54043bca29b64e31bb4163eed46
YMC2 Model A Centrifugal Liquid Chillers Software Enhancement,YORK,Not Specified,Not Specified,Not Specified,Not Specified,fe6db2e9ab0331bcabe9b2c8ba98630ff818cbee
YMC2,YORK,Centrifugal,Not Specified,Not Specified,Chillers,0d8387a4fce901ee151ec716ba590f79425b7276
YMC2 Style A V.05A 03630 OptiView Chillers Control Panel Software,YORK,Not Specified,Not Specified,Not Specified,Not Specified,dd7e8dddc30f521acc59ef406585fc778c9bd220
YMC2 Style B V.07 03630 OptiView Chillers Control Panel Software,YORK,Not Specified,Not Specified,Not Specified,Not Specified,d5a42f6793ffbab974a880ba1cc9c4b571624dba
York Compressor Oils,YORK,Not Specified,Not Specified,Not Specified,Not Specified,8d761345ba014ad8f83e22edf670a70c1fbb0c05
YR Chillers,Johnson Controls,Not Specified,Not Specified,Not Specified,Not Specified,c2eb626e47387c3a34cbc1d7d811e2cc09bbb1d1
YT and YK Chillers VSD Modbus Comms Upgrade for OptiView Control Panel Retrofit Kits,YORK,Not Specified,Not Specified,Not Specified,Not Specified,836b5c783de3e597edaed79ca2debd3a9d040cfe
YT Servicing Low Emissions Purge Kit,YORK,Not Specified,Not Specified,Not Specified,Not Specified,a5bd6a2d6c79e2bddc7a0c41bcb3527994343152
YT Shaft Seal Application,YORK,Not Specified,Not Specified,Not Specified,Not Specified,7d536d49586fbe4bc3dac18180293fdc67f72b58
"YT Style ""J"" Refrigerant Charge Levels",YORK,Not Specified,Not Specified,Not Specified,Not Specified,12e2c5072c9b07ec10ccaed8f48d6a6baa38369f
YT Style “A” thru “D” Chillers Revised Part Number,YORK,Not Specified,Not Specified,Not Specified,Not Specified,c5c16bfa316f858aaa17dcc7fbc3d1d83ab13e98
YT Using OptiView Control Center,YORK,Not Specified,Not Specified,Not Specified,Not Specified,2df911e0341c724ab32a415e6225b1a0ada659a7
YT Version 19,YORK,Not Specified,Not Specified,Not Specified,Not Specified,bdb35fd695e4fd7e0d6074ba14f878462cad20af
YT,Johnson Controls,Not Specified,Not Specified,Not Specified,Not Specified,dc0866e0a0bbf76248963441bdf8e047f31e41ce
YVAA 170mm Steel Discharge Line,YORK,Not Specified,Not Specified,Not Specified,Not Specified,b3b1abe25811db815f3a3fb462e2a8223af68546
YVAA Air Cooled Required Programming Changes During YVAA Commissioning,YORK,Not Specified,Not Specified,Not Specified,Not Specified,3e7913598ab4e2609e363da0f5ac2483dd8bb0e0
Chillers Control Board,YORK,Not Specified,Not Specified,Not Specified,Not Specified,15999915c29aa33ea16b6d78c7c29552a74d4952
YVAA and YVFA Low Ambient Temp Cut-off,YORK,Not Specified,Not Specified,Not Specified,Not Specified,9b9f4bf0e2c7a4c86b4e5d1db0898e24bf910a55
YVAA Chillers Evaporator Freeze Protection,YORK,Not Specified,Not Specified,Not Specified,Not Specified,b411bca7532f922655ea3bf0f2c7027cfe09d0f9
YVAA Evaporator Freeze Damage Potential Due to Refrigerant Migration,YORK,Not Specified,Not Specified,Not Specified,Not Specified,b8fb9ab8d9e3b08106e5926910af9909d302135c
YVAA Low Discharge Superheat Trips,YORK,Not Specified,Not Specified,Not Specified,Not Specified,2a2b745ad63e1e04de265e68040b548ee04ba4ca
YVAA Microchannel VSD Outdoor Glycol Coil,YORK,Not Specified,Not Specified,Not Specified,Not Specified,66e8fca7ee4b8edd19b566dbaa68ba8fc65e7378
YVAA Style A,YORK,Not Specified,Not Specified,Not Specified,Not Specified,b5ecdfd25e3273ca9decb6e8fc1262f6149835a3
Air-Cooled Screw Chillers with VSD,YORK,Not Specified,Not Specified,Not Specified,Not Specified,27e57899a08e4dd232fa3d92442171f336c6a0f5
YLAA Style A,YORK,Not Specified,Not Specified,Not Specified,Not Specified,09153f7946591c59816206b5ef77d2ae493d43fa
B and C Air Cooled Scroll Chillers,YORK,Not Specified,Not Specified,Not Specified,Not Specified,a39eed4e2b43e37020a774241735020a3ffd779e
YPAL,YORK,Not Specified,Not Specified,Not Specified,Not Specified,462432268004b561696277bc23487b88bf3c9301
YCIV Screw Compressor Terminal and Torque Values,YORK,Not Specified,Not Specified,Not Specified,Not Specified,7e7aa0de1aad6cdf744dc1102191b342b2f711c4
YVFA 3HP Motors - MANDATORY Return,YORK,Not Specified,Not Specified,Not Specified,Not Specified,ce57b0994a1ea817eca72ce4b32f5597ee89f479
YVFA EATON Fan Drive Firmware Update,YORK,Not Specified,Not Specified,Not Specified,Not Specified,4b64adf2796dbee51cd624f7cd1cac6851842b8c
FMS-2000 Critical Environment Controller,Triatek,Controller and Monitor,Not Specified,Not Specified,Building Automation and Controls,689d3c49368e0d43aafc4763485c42faa432dbbd
FMS-2000 Critical Environment Controller,Johnson Controls,Controller and Monitor,Not Specified,Not Specified,Building Automation and Controls,b42534b554e40f9bfb318ccb15bf1f861332c659
M9300,Johnson Controls,Electric Actuator,Not Specified,Not Specified,Building Automation and Controls APAC,4122a31be25fecf7692bbc73ed974f6b8bdd8dfc
Metasys Server,Metasys,Server,"MS-ADSxxx-x, MS-ADXxxx-x",Not Specified,Building Automation and Controls,9d743273c2a1166658e2a2554a5d62c72c3adef7
Non-Addressable Mini-Horn,Autocall,Notification Appliances and Speakers,"A4901-9858, A4901-9859",Not Specified,Not Specified,1a50419dce5ce3129a1059ba2e99dee868ace35c
CO2,LPG,Engineered Systems,Not Specified,Not Specified,Special Hazards EMEA,e41108f5b69d15225e6b966805b2ab313874c765
CO2,Tyco,Engineered Systems,Not Specified,Not Specified,Special Hazards EMEA,c4b14430ec185c5e6c90dd0a0776b4a64f74b2df
CO2,FIREATER,Engineered Systems,Not Specified,Not Specified,Special Hazards EMEA,d4f582b236a019f79d05f9d1b8cc2a43a8272f48
CO2,HYGOOD,Engineered Systems,Not Specified,Not Specified,Special Hazards EMEA,15e3f8ad00becfa3f9f4fcf06b1567163c530ce5
LCS85 Controller,Metasys,Supervisory Device,Not Specified,Not Specified,Building Automation and Controls,b46eb5e5ecd613099c7ce7b20bbf8705ed086351
NAE85 Network Automation Engine,Metasys,Supervisory Device,Not Specified,Not Specified,Building Automation and Controls,dce390c2eed25ad14577e35ec0263815a6466f1e
SmartSync Notification Appliance,Autocall,"Conventional Notification Appliance, Notification Appliances and Speakers","2975-9145, 4901-9838CA, 4901-9839, 4901-9851C, 4901-9852C, A4901, A4901-9839CA, A4905, A4905-9838, A4905-9931, A4905-9937, A4905-9938, A4905-9940, A4905-9961, A4905-9988, A4905-9989, A4905-9996CA",Not Specified,Not Specified,eb889c424c633819a36916f4119eb7e48a8e6d09
BCPro System,BCPro,General System Information,CH-BCMxxx-x,Not Specified,Building Automation and Controls,49db1a69ccbfd45cf887f3d705200476b7fe07e4
FMS-1655M Room Pressure Monitor,Triatek,Controller and Monitor,Not Specified,Not Specified,Building Automation and Controls,4efb3f9a7bf716e7a3c13e8bf18d24f7142f3bd5
FMS-1655M Room Pressure Monitor,Johnson Controls,Controller and Monitor,Not Specified,Not Specified,Building Automation and Controls,b058d840d3c8a898cc88c32bce8d1c730a47cb72
AMS3004A Wall Loop Antenna,Sensormatic,Detector,Not Specified,Not Specified,Not Specified,ee424d98051c4bfa2f1bff54acf6bbd2787be556
Johnson Controls Contact Information,Johnson Controls,Not Specified,Not Specified,Not Specified,Not Specified,844ab2a066a8df8003c11f5a396130a953ca0317
YHAU,YORK,Absorption,Not Specified,Not Specified,Chillers,3276bd8d8ba6a5332b9a7fd23c1caedee4477f71
2 Tone Alarming SuperTags,Sensormatic,EAS Tag/Label,Not Specified,"Alarming Tag, Alarming Tag with Lanyard",Not Specified,f09c6c41ce402d615b8c3b9133c931c37273d950
3 Tone Alarming SuperTags,Sensormatic,EAS Tag/Label,Not Specified,"Alarming Tag, Alarming Tag with Lanyard",Not Specified,a024eddf16b0babf38a0a8b0f08c411f156d2bc3
4C Ferrite,Sensormatic,EAS Tag/Label,Not Specified,4C,Not Specified,477607ad163ae2e7d2a99e007ab8450c32e6bece
58kHz Field Strength Meter,Sensormatic,Detector,Not Specified,Meters,Not Specified,8ccc79c9ce5ed8e7bc8bc178117794d537dd2bc5
EAS Systems,Sensormatic,"Deactivator / Activator, Detector",Not Specified,"Accessibility, EAS Systems",Not Specified,686094da144eb7a7a540e5a66ca647d5c47ce4ee
Agile2 EU RFID System,Sensormatic,RFID,Not Specified,Agile2,Not Specified,6a99d72ccd1aa4ebe23affe81b2c1ae426bf03a1
Aisle Keeper System,Sensormatic,Detector,Not Specified,Magnetic,Not Specified,ef92d5a2d1e2a57077965f10a0dc12ef52094fe5
ZLAMT60xx series Alarming Tags,Sensormatic,EAS Tag/Label,Not Specified,"Alarming Tag, Hard Tag with Lanyard, Specialty, Wrap Tag",Not Specified,5e9afe4f090cb95bcda47bd7216270f4e76b9bd3
EC76 Digital Alarm,Sensormatic,Detector,Not Specified,Remote Alarms/Beacons,Not Specified,9444f2c4b7469d382ea3cde72ad1a45a27c5d577
MC76 Digital Alarm,Sensormatic,Detector,Not Specified,Remote Alarms/Beacons,Not Specified,76c009d7ebd1cbf034835c5d86cc83517fa5ae2f
Alert Systems Hyperguard Metalguard and Apparelguard ORC plug-in,Sensormatic,Detector,Not Specified,Not Specified,Not Specified,9bb792a93e788aaf128a52152fd8a2c8c2816739
AMB-1100 Flush Mount Deactivator,Sensormatic,Deactivator / Activator,ZPCM-B5,"AMB-1100, AMB-1101, AMB-2011",Not Specified,b0372ef76eb062e3a75cb0dbb97bde06583af618
AMB-1200 Deactivator Controller and Antenna,Sensormatic,Deactivator / Activator,Not Specified,AMB-1200,Not Specified,693c6a4b0edcfa1358c7cd59cd1945608d8dff63
AMB-2010 Anti-theft System Deactivator,Sensormatic,Deactivator / Activator,Not Specified,"AMB-1100, AMB-1101, AMB-2010, AMB-2011",Not Specified,92c2b6160f8cc5cddc2a1592521b3930891a6a86
AMB-1100 Anti-theft System Deactivator,Sensormatic,Deactivator / Activator,Not Specified,"AMB-1100, AMB-1101, AMB-2010, AMB-2011",Not Specified,845746d1bdd00b037c3fc3beee936b1be2e90e07
AMB-2011 and AMB-1101 Deactivator,Sensormatic,Deactivator / Activator,Not Specified,"AMB-1100, AMB-1101, AMB-2011",Not Specified,6bd3cc7c1979d079e2ea3cc1b3ef2c8c6163208a
AMB-4300 Sync Access Point,Sensormatic,Deactivator / Activator,Not Specified,Sync Access Point,Not Specified,44ee73733ac9f07a893024dc6e5285cfa8c14cad
AMB-44xx Handheld Deactivation Systems,Sensormatic,Deactivator / Activator,Not Specified,AMB-2070,Not Specified,310afd154db26119b48a5662b9a2518085ad61c2
AMB-5xxx Deactivation Antennas,Sensormatic,Deactivator / Activator,Not Specified,AMB-5xxx,Not Specified,7c17e9bcd4890ea735551d1e89e3cfebed70ea66
AMB-9010 Antenna Controller,Sensormatic,Deactivator / Activator,Not Specified,AMB-9010,Not Specified,9b5b74bf85526191ef693e3efd8ee55398d0899e
AMB-9010-IPS Deactivation System,Sensormatic,Deactivator / Activator,Not Specified,AMB-9010,Not Specified,1c7e75292b7e8583b4961e6344d48a6101bc33b4
AMB-9020 Dual Antenna Controller,Sensormatic,Deactivator / Activator,Not Specified,AMB-9020,Not Specified,772e77133b57de2b6f4b1487692f02444696673a
AMC-1060 Digital Remote Alarm,Sensormatic,Detector,Not Specified,Remote Alarms/Beacons,Not Specified,d5b8bb2a277e67c60dd2276a1e5fd26c26fd58b0
AMC-7010 Metal Foil Detection System,Sensormatic,Detector,Not Specified,Metal Detection,Not Specified,261169ad8c7ae10dfbc2a8f6f55338c8ce1edd83
AMS-1014 Ultra Post VI Anti-Theft System,Sensormatic,Detector,Not Specified,Ultra Post VI,Not Specified,28f6dbc3282e39b6c12e731f6f76cc2874600627
AMS-1030 Pedestals ZSDEPM,Sensormatic,Detector,ZSDEPM,Digital Euro Pro-Max AMS-1030,Not Specified,4a641fe8c6856152ee17f18908a599ad615132cf
AMS-1070 Maxcalibur Anti-Theft System,Sensormatic,Detector,Not Specified,Controller,Not Specified,9006ee5515bf0ae73f45cc1b029e880a17f86277
AMS-1080 Detection System,Sensormatic,Detector,Not Specified,Controller,Not Specified,40ad2ae02f3d5f52e0ae9e7cc1f472012b09db6f
AMS-1140 Detection Systems,Sensormatic,Detector,Not Specified,System,Not Specified,77666cb81bf0ae0d6aad386059b0fa8289cffd07
AMS-1150 Detection Systems,Sensormatic,Detector,Not Specified,System,Not Specified,faa252e9c9121b25f44dbc05497962ca0cdd5714
AMS-9030 Anti-theft System,Sensormatic,Detector,Not Specified,Controller,Not Specified,fe1f5786369168e21d235e0ea788dae74c8fe719
AMS-9033 Anti-theft System,Sensormatic,Detector,Not Specified,Controller,Not Specified,dba1fdbc08155e7361ed13e34189e4a4d5bbe841
AMS-9040 Anti-theft System,Sensormatic,Detector,Not Specified,Controller,Not Specified,028597de78de0bed3cfdac3952e2edcdfce1ea0f
AMS-9050 Anti-theft System,Sensormatic,Detector,Not Specified,Controller,Not Specified,33abe97111cc290c269f1ee10aff987f18cba744
AMS-9060 Controller,Sensormatic,Detector,Not Specified,Not Specified,Not Specified,f1ab9d18d939e12639f65ea92083061f7a328afe
AMT Series Alarming Tags,Sensormatic,EAS Tag/Label,Not Specified,Alarming Tag,Not Specified,550d39a72620f1d322ae5c8b6ddb7051a90bdf91
EuroMax Anti-Theft System,Sensormatic,Detector,Not Specified,EuroMax,Not Specified,b205b08d3ed6d6714ecb4e0c3701b3963b280520
APS-1000 Anti-Theft System,Sensormatic,Detector,Not Specified,APS-1000,Not Specified,2fcd11aaac6d23f8a1e58bcbd1b45b6d3e35b687
APS-1002 Anti-Theft System,Sensormatic,Detector,Not Specified,"APS-1001, APS-1002",Not Specified,435f87e0518e1c03236ea814b1ad6b6549e4062a
Acousto-Link,Sensormatic,Deactivator / Activator,Not Specified,Not Specified,Not Specified,65ba2a2f94b52ba43adfa4eba5704f3569da9c10
EuroPro Max Pedestal,Sensormatic,Detector,Not Specified,EuroPro-Max,Not Specified,f8db79845d1ae685567c3403d2748c639e539e04
Freestyle Hand Deactivator,Sensormatic,Deactivator / Activator,Not Specified,Not Specified,Not Specified,f177e6d7a0d91ee34a1010af29ecc34c7054d79e
Pro-Max/EuroMax/Floor-Max Detectors,Sensormatic,Detector,Not Specified,UltraMax,Not Specified,095035235b5230503d1df7118efac5261c96ec1b
Rapid Pad Deactivator,Sensormatic,Deactivator / Activator,Not Specified,Rapid Pad,Not Specified,45b84a27f6e372269a606baa14c76cf4559c51a6
Scan-Thru Deactivator,Sensormatic,Deactivator / Activator,Not Specified,Scan-Thru,Not Specified,9dfce6726d1c73b74ed7d6ec2c64777f96b98e1d
ScanMax Deactivators,Sensormatic,Deactivator / Activator,Not Specified,ScanMax,Not Specified,66252d68f7d5810725bea1aeab9880b34334212c
Stand Alone Detector System,Sensormatic,Detector,Not Specified,Stand-Alone,Not Specified,b33398884e639f8f952347df5dfc646d785b663f
UltraMax Deactivators,Sensormatic,Deactivator / Activator,Not Specified,"IP, PowerPad, Rapid Pad, Scan-Thru, SlimPad",Not Specified,2e3c9c94d75c0a3a97483a360993e095a47a63df
Ultra Post Detector Family,Sensormatic,Detector,"0352-0014-01, ZAUPMH, ZAUPMH2, ZAUPSH, ZAUPSH2, ZEUPPLUS, ZS1012-P, ZS1012-S","Ultra Post Aisle, Ultra Post I, Ultra Post II, Ultra Post III, Ultra Post IV, Ultra Post Plus",Not Specified,4e5283071d9923a79288f2c9c4bcad8a1d11509a
Book Deactivator PK-3-XP,Sensormatic,Deactivator / Activator,Not Specified,Book,Not Specified,5426ccf66ecd20871805179770f3c212b3cef759
Boot Deactivator ZK40-01AZ,Sensormatic,Deactivator / Activator,Not Specified,Boot,Not Specified,ae5b5ab7f55fb170c6bf5d530e637226d2e31cf7
CBC-4020 UltraLink,Sensormatic,SmartEAS,Not Specified,CBC-4020,Not Specified,9fcd1c74534de51a735564c3a9d786515f3bb420
CBC-4055 Local Device Manager II,Sensormatic,SmartEAS,Not Specified,CBC-4055,Not Specified,6f39779c26f11f20224943723af0ac37e7f6410e
CD Activator Station,Sensormatic,Deactivator / Activator,Not Specified,Not Specified,Not Specified,3a0d7840abac3ac97dcc2267360cc7de82a6a70d
Checkerboard Countertop Deactivator,Sensormatic,Deactivator / Activator,Not Specified,Not Specified,Not Specified,c72e7d0a1f5acc59d79c4efe5297d0127b4975de
Compact Pad Antenna,Sensormatic,Deactivator / Activator,Not Specified,Compact Pad,Not Specified,234f1209b2b980cbe1ce6c898947266a3178c651
Compact Pad Antenna Flush Mounting ZBSTPCP-F,Sensormatic,Deactivator / Activator,Not Specified,Compact Pad,Not Specified,fbfe74195ecd1c27ee0ee7216884ff9ea7464278
Compact Pad Tabletop Antenna ZBSTPCP,Sensormatic,Deactivator / Activator,Not Specified,Compact Pad,Not Specified,7e58316fd3c9f32143fc3c5bd63cbf0132132fb0
Compact Pad Tabletop/Sidewall Mounting Bracket ZPCM-B6,Sensormatic,Deactivator / Activator,Not Specified,Compact Pad,Not Specified,0174b1fbe7b2a2a8a2cefa9d57b4bd5aa42632b6
Companion,Johnson Controls,Software Application,Not Specified,Not Specified,Building Automation and Controls,0164b2c3a71a8d877dd4af7c428240a849edd02b
Contact Pad Deactivator - ZK252,Sensormatic,Deactivator / Activator,Not Specified,"Contact Pad, ZK252",Not Specified,06701451f11093e6b9ead4c847355a74c261b9b8
Deactivation Accessories,Sensormatic,Deactivator / Activator,Not Specified,Not Specified,Not Specified,5d7fa7a6a2f501ab7e284aed3aca6cdfadc1eaa2
Deactivator Boot LS4000,Sensormatic,Deactivator / Activator,Not Specified,"Boot, LS4000",Not Specified,9b070aff0009aa532f66f248ddc63307a0739856
Deactivator/Detacher Counter Cutout,Sensormatic,Deactivator / Activator,Not Specified,Counter Cutout,Not Specified,a05419bc0047cad93c60af6a222e88f0260fab47
Digital 216 Alarm Beacon,Sensormatic,Detector,0351-0556-02,Options,Not Specified,e47b4e72567b10678553a69834550bffe3e8a5e9
Digital 216 Antennas Electronic Counter,Sensormatic,Detector,ZPDCNTR,Options,Not Specified,2fc96a93116f50e607087c6f84e337c09a8c4cc7
Digital 216 Controller,Sensormatic,Detector,Not Specified,Controller,Not Specified,e587b2dbbac32c8f15f088ae5c0115e876cd61c1
Digital 216 Detector,Sensormatic,Detector,Not Specified,Controller,Not Specified,0878524e29fe747925e0d4bcd3873548e90bcb94
Digital 216 Noise Coils,Sensormatic,Detector,"Ranger, Sky Max",Noise Coils,Not Specified,4d2a384ab7c1416c491f368f4e283a116d571596
Digital 216 Power Pack Keyswitch,Sensormatic,Detector,ZPD216-KEY,Options,Not Specified,f7863098941804ed16797053359825b524aadfd0
Digital 216 Remote Alarm,Sensormatic,Detector,0351-0409-03,Options,Not Specified,91340a36a30a1d8dfc6a3809991d8af66fc9c92e
Digital 216 Split Counter Cable,Sensormatic,Detector,"ZSDPM-FC, ZSDPM2",Options,Not Specified,09700edf37ad29955384eacb080ee0d54d2e95c0
Digital 216/AMS-9040 Controller Air Handling Kit ZPD216-PL,Sensormatic,Detector,ZPD216-PL,Options,Not Specified,5e4c70ecf89939ec65db1d5fb418f02b1ceca7f9
Digital Alarm,Sensormatic,Detector,Not Specified,Remote Alarms/Beacons,Not Specified,537af92dc04ac5e28c56e58956b2bc1ac93c8046
Digital Door-Max Antennas ZSDDM,Sensormatic,Detector,Not Specified,Digital Door-Max,Not Specified,ac714432667de470a5879b661d4f0e0a0dd4e2d3
Digital Door-Max Counter,Sensormatic,Detector,0351-2189-01,Digital Door-Max,Not Specified,ec7263d4daaa7ba30dd6ce5d5b98dfffc0f62507
Digital Door-Max Glass Mounting Kit,Sensormatic,Detector,ZPDDM-G1,Digital Door-Max,Not Specified,34b6331de243d0712de194429a8259a58f4f0dfd
Digital Microwave System 916,Sensormatic,Detector,Not Specified,Microwave,Not Specified,5db33e9a04013a5a5687602f8df7344c02075b11
Digital Microwave System 917,Sensormatic,Detector,Not Specified,Microwave,Not Specified,cd2377195a970185bf4c6ddc5173f78cea82a5ed
Digital Microwave System 915,Sensormatic,Detector,Not Specified,Microwave,Not Specified,6ba4f8c560f53a8fa59b2677c8cc1287ce54983d
Digital Microwave System,Sensormatic,Detector,Not Specified,Microwave,Not Specified,3bd5846e780e8e92ed19f06b17339d1d73943e3d
Doublechecker,Sensormatic,Deactivator / Activator,Not Specified,Not Specified,Not Specified,c91d04edf9038d3a61c77bfebee3dc7b2854c10b
EAS/Accent Detacher,Sensormatic,Detacher,Not Specified,"Accent, Nickel, Standard",Not Specified,5aa336e896fe1efa407b03e7a5080b2b698f242d
EAS Detection Antennas,Sensormatic,Detector,Not Specified,Not Specified,Not Specified,d27e1bfd6c646698fd132747d1a118e68242371e
EM Power Dry Contact Box,Sensormatic,Detector,Not Specified,Magnetic,Not Specified,1dc082121cf01b9bd45a2c6f5d86601cb79ac5d8
EM Power Pack Synchronization Board,Sensormatic,Detector,Not Specified,Magnetic,Not Specified,531ce9d3cda1a8cd40f65acfab929bb6f5ab9687
EM Wide Exit Pedestals,Sensormatic,Detector,PEWEPED,Magnetic,Not Specified,675e3566b3b012d711478f3f343bdefdc309a9d9
Enhanced Magnetic System EAS Detection Unit,Sensormatic,Detector,Not Specified,Magnetic,Not Specified,336d28c64d495cf20dee04ffb773e948acc283f5
Digital Floor-Max Antennas,Sensormatic,Detector,Not Specified,Floor-Max,Not Specified,544594d7616ea8a3681bec2746aca036cdde5357
Floor-Max II Antennas Diff Amp,Sensormatic,Detector,Not Specified,Floor-Max,Not Specified,c53456132ae14a5612b93ca67161beed682e14e7
Floor-Max II Junction Box,Sensormatic,Detector,Not Specified,Floor-Max,Not Specified,3906aceacdc61b63a45e1ffdca84b5d1b0053532
Floor-Max IIE Antennas,Sensormatic,Detector,Not Specified,Floor-Max,Not Specified,3cb173644d30959cc66e9073756d2cf6df04bbba
Floor-Max III Antennas,Sensormatic,Detector,Not Specified,Floor-Max,Not Specified,e77ae07371e375dd0cf842ed4ef0e078ddae97b5
Floor-Max III Metal Shield,Sensormatic,Detector,Not Specified,Options,Not Specified,6279784ab60cacc7d74f2b14d2cbef5f9b9945d3
Floor-Max PC Board Enclosure,Sensormatic,Detector,Not Specified,Floor-Max,Not Specified,b726bbab9050c1c818a2e69e205f5a0f24852a46
Floor-Max Plus Antennas,Sensormatic,Detector,Not Specified,Ultra Post Plus,Not Specified,4fa7cfc6dc915e52fca2336be28297ff35a513c6
Floor-Max Ranger Antennas,Sensormatic,Detector,0351-1300-01,Rangers,Not Specified,0d449fdddc681dc069cbf9c5660cfa68721dc801
Fluke 97 ScopeMeter,Sensormatic,Detector,Not Specified,Meters,Not Specified,1b79dee8a8a4fe4848bd50fa922cacff023eab43
Freestyle Hand Deactivator Base Charging Station,Sensormatic,Deactivator / Activator,Not Specified,Not Specified,Not Specified,a4a5843eed482e164c55cb671638227e6a712415
Freestyle Hand Deactivator Bumper,Sensormatic,Deactivator / Activator,Not Specified,Not Specified,Not Specified,3c5ab0c3bf4841f4f3d46bcaa01f3d82e961feab
Freestyle HandHeld Deactivation System,Sensormatic,Deactivator / Activator,Not Specified,Not Specified,Not Specified,6bf05f455b8a2e7f7a65e5505e99fd36cfe5048c
Hand Detacher Boot Kit ZK75,Sensormatic,Detacher,ZK75,Not Specified,Not Specified,2a89af45f3ee7819776a7a1263fd03727f4f22be
Hand Detacher MK75I,Sensormatic,Detacher,MK75I,Not Specified,Not Specified,fc98f6054d34d0a13291a06bbaa09bb9abc32c95
Hand Detacher MK75IZA with Deactivation Boot,Sensormatic,Detacher,MK75IZA,Not Specified,Not Specified,7c9bbd72952bddc511005482cb403fa642628201
IDX-2000,Sensormatic,RFID,Not Specified,Not Specified,Not Specified,1d67fce266b217ac9fba3c1cd95c700b96d92915
IDX-4000 RFID Reader,Sensormatic,RFID,"IDX-4000-E1, IDX-4000-N1, IDX-4000-W1, IDX-4000-W2",IDX-4000,Not Specified,403688e3b9618f6c0fe0512b23fe1b1ce01edc9d
IDX-8000 RFID Reader,Sensormatic,RFID,Not Specified,Not Specified,Not Specified,55a34e59d9006eb381411fa8a7f4c2362b971afb
IDX-9000 RFID Reader,Sensormatic,RFID,Not Specified,IDX-9000,Not Specified,1e613923f2dbaf0a4192f8deaba8e6ec3b1f9cdc
IND-X1000 Industrial Activator/Deactivator for EM Labels,Sensormatic,Deactivator / Activator,Not Specified,IND-X1000,Not Specified,6e7d6b750e071fb273345da7f42d78742740aa3b
IND-X1000 Industrial Activator/Deactivator,Sensormatic,Deactivator / Activator,Not Specified,IND-X1000,Not Specified,1ff023787ea1d8186986590af45027972572323e
IND-X1000 Industrial Activator/Deactivator Replacement Power Pack,Sensormatic,Deactivator / Activator,Not Specified,IND-X1000,Not Specified,c5382cc6091491fcc846feb14ba13bbc372cd532
Integrated Pad Pro Antenna,Sensormatic,Deactivator / Activator,Not Specified,IP Pro,Not Specified,4a7217ed0b3fc44a11269eec28de868280cd3a2d
J2K/J2K+ Magnetic Detectors with Dual Aisle Power Pack,Sensormatic,Detector,"JS4125S, JS4145S, JS5125S, JS5125ZD, JS5145S, JS5145ZD, PEDUALAISLE",Magnetic,Not Specified,50a00715fcd439a4f78c07a51fe72498d681a8e2
Label Applicator JK-60-2,Sensormatic,EAS Tag/Label,Not Specified,JK-60-2,Not Specified,90285739d48291062a995b05c852d50ca4370341
Label Applicator ZK500,Sensormatic,EAS Tag/Label,Not Specified,ZK500,Not Specified,847c20e4c63127a3b91f4bcd3ebf58e681c0c7e1
Low Profile Pad Antenna,Sensormatic,Deactivator / Activator,Not Specified,Low Profile,Not Specified,0a41376bfc972207d623870ee60632385845cea3
UltraMax M2K Power Pack,Sensormatic,Detector,Not Specified,Controller,Not Specified,ef364a33a8dc53ec94f24e59ec6d8ae575e51cc5
UltraMax M4K Power Pack,Sensormatic,Detector,Not Specified,Controller,Not Specified,eff37adf37751e13854cac87c8afb33a7b5b3da6
Magnetic System Modified Processor Board,Sensormatic,Detector,Not Specified,Magnetic,Not Specified,f5afbf0776281da341a3413298a3f506e8ae20f7
MAX Checkout EAS System,Sensormatic,Detector,Not Specified,MAX Checkout,Not Specified,e940ec361ff4a1552c9ee4fe8c8aebfe9a5adc19
MegaMax EAS System,Sensormatic,Detector,Not Specified,MegaMax,Not Specified,f0e64bbb739bdae27f3d948f633522292dc70743
MegaMax Plus Pedestals,Sensormatic,Detector,Not Specified,Ultra Post Plus,Not Specified,33f1309c974a3c9ae04d3b756b679d29195e5317
MicroLock I,Sensormatic,EAS Tag/Label,Not Specified,MicroLock,Not Specified,5c55e7b872de849851d4589ad0735cd53a212b02
MicroLock II,Sensormatic,EAS Tag/Label,Not Specified,MicroLock,Not Specified,92573ef24654121bf6caee3a15fbfb53083c4f06
MicroMax Antenna,Sensormatic,Detector,Not Specified,Microwave,Not Specified,ea0e8b010b9fa1364d344f1a15764d674cd7a4a5
Microwave Systems Halo E-Field Generator,Sensormatic,Detector,Not Specified,Microwave,Not Specified,ad5ca9442e69b285ca1f29dd291898bddc0f1c6c
MK295-UT Flush-Mount Bezel with Locking Power Switch,Sensormatic,Detacher,Not Specified,"MK295, Powered",Not Specified,fe3ec78741ea7ccd7c5453562587da170d9e263f
MK295-UT Mini Power Detacher,Sensormatic,Detacher,MK295-UT,"MK295, Powered",Not Specified,8988f968939103b084784b702e719c9e73f47a4b
MK295-UT Mounting Base with Security Lock,Sensormatic,Detacher,Not Specified,"MK295, Powered",Not Specified,6b520f4a3b8c68408ef6d69aa7a57bd9617d94c4
MK91-XP Power Detacher,Sensormatic,Detacher,MK91-XP,MK90 / 91 / 190,Not Specified,c3b535860a4dc14d3865a2329bbc26bb8e4aef80
Enhanced Magnetic 4 and 5 Pedestal,Sensormatic,Detector,Not Specified,Magnetic,Not Specified,fadb343c135d80935dc025eafe16b130f4dda608
RMZ1218C40 Gateway,PENN Controls,PENN Connected,"RMZ1218C40-EU, RMZ1218C40-UK, RMZ1218C40-US",Not Specified,Building Automation and Controls,0b318f940e5117dd90528f0cf0d9736be32a83cb
PIR Detector,Sensormatic,Deactivator / Activator,ZPPIR,PIR Detector,Not Specified,18d2c8833af215020b3d4d086e8b04ca9a99bb8d
PowerPad Antenna,Sensormatic,Deactivator / Activator,Not Specified,PowerPad,Not Specified,7eb22013e5bb3fee7a300b7835c342d6e390e2f1
PowerPad Antenna ZBSTBP-PP,Sensormatic,Deactivator / Activator,ZBSTBP-PP,PowerPad,Not Specified,b2a8c3c17fdd228a3feff3d49d2c86d628cae14a
PowerPad Cantilever Support Tray ZBSTB-PP-B3,Sensormatic,Deactivator / Activator,ZBSTB-PP-B3,PowerPad,Not Specified,5d7a6af810129d21af0f53a859358612e4225a20
PowerPad Flip-Down Shelf ZBSTB-PP-B4,Sensormatic,Deactivator / Activator,ZBSTB-PP-B4,PowerPad,Not Specified,e876d16d04996ba26dd6a60f4e4f37f7fe64f37d
PowerPad Flush Mounting Tray ZBSTB-PP-B1,Sensormatic,Deactivator / Activator,ZBSTB-PP-B1,PowerPad,Not Specified,9c4c3a90f13757ae34166e7605550894e9130026
PowerPad Indicator Board ZBSTB-PP-IB,Sensormatic,Deactivator / Activator,ZBSTP-PP-IB,PowerPad,Not Specified,28de4fbff6610aea8ec85f946d4e559395060d7d
PowerPad Under Counter Bracket ZBSTB-PP-B2,Sensormatic,Deactivator / Activator,ZBSTB-PP-B2,PowerPad,Not Specified,5cb17a30bad6854cfb6a9269df9b8c26e0a3fe40
PowerPad Under Counter Mount ZBSTB-PP-B5,Sensormatic,Deactivator / Activator,ZBSTP-PP-B5,PowerPad,Not Specified,ae0149dadf6098785dc81c1e1ae2b5d5af84f52d
Digital Pro-Max 2 Pedestals,Sensormatic,Detector,"ZSDPM-FC, ZSDPM2/ZODPM2",Digital Pro-Max 2,Not Specified,171c63754aa07e0debdabeb5e2184dff3fcd37dd
Pro-Max Standard Magnetic Pedestal Bumpers,Sensormatic,Detector,Not Specified,"Magnetic, Pro-Max",Not Specified,cb6bbcf6b8229bce0c92d32f96ba73211d06459a
Pro-Max Detection Unit,Sensormatic,Detector,Not Specified,Pro-Max,Not Specified,d9628ccc6f0bcf69c7d2382bea5008799ee451e8
Pro-Max I Detector 1.6 Receiver Enhancement,Sensormatic,Detector,Not Specified,Pro-Max,Not Specified,211fd6da5c11f91ec76e05a259a6d95fb9de0da1
Pro-Max I/II Cosmetic Cover,Sensormatic,Detector,ZPEXLAMP,Pro-Max,Not Specified,4339ff4b52dbc0a6626aebacf7c45c6e8b473d1e
Pro-Max I/II Indoor Protective Cover,Sensormatic,Detector,0351-2192-01,Pro-Max,Not Specified,f3d72758b24a56eff134b8f6e19241cc80c64d3a
Pro-Max II Alarm Light,Sensormatic,Detector,Not Specified,Pro-Max,Not Specified,8e4cff551f97f58c5bb029f57d00bb7e32cd27cd
Pro-Max II Antennas,Sensormatic,Detector,Not Specified,Pro-Max,Not Specified,59bf4da59a599f0acc2ccc1a90e174963d3ab3a6
Pro-Max II EAS System,Sensormatic,Detector,Not Specified,Pro-Max II,Not Specified,19725daaebfda3801e51dcddfe6234b67d37c428
Digital Pro-Max Pedestal Counter,Sensormatic,Detector,Not Specified,Pro-Max,Not Specified,3ebd2f23e5f0ea60937bb499d520b9df69053a67
Pro-Max Pedestal Cover Indoor,Sensormatic,Detector,"Pro Max, Pro Max II",Pro-Max,Not Specified,6cdb2f2341b8620f610eac4fdcda49c74eea25b7
Pro-Max Pedestal Cover,Sensormatic,Detector,Not Specified,Pro-Max,Not Specified,448925ec71cb3ea857baa55f668ae3817ad66a04
Pro-Max Pedestals Ballast Noise Cancel Board,Sensormatic,Detector,Not Specified,Pro-Max,Not Specified,6cd94fac76e6e30865fe18bd652f9fd62e1d1e5d
Digital Pro-Max Pedestals,Sensormatic,Detector,Not Specified,Digital Pro-Max,Not Specified,78258c93eb9f29d5aaa45f99523e64b7089d04e4
Pro-Max Plus Pedestals,Sensormatic,Detector,Not Specified,Ultra Post Plus,Not Specified,a7ef13de9b6883d96d94f7ce331f5f1be04b3692
Pro-Max Power Pack Outdoor Enclosure,Sensormatic,Detector,Not Specified,Pro-Max,Not Specified,7c04737f3cb77f0b580c9f07e617f56eefce97e8
Pro-Max Remote Alarm Beacon,Sensormatic,Detector,Not Specified,Pro-Max,Not Specified,14ee14ba27aaa724cbae3207fb0fbab0b8104ee8
Pro-Max ZP20-3P Outdoor,Sensormatic,Detector,Not Specified,Pro-Max,Not Specified,0cee6cdf91cf82e2adfa63fca60cf0f2c1e5067e
ProMed Patient Monitoring System,Sensormatic,Detector,Not Specified,ProMed,Not Specified,926bc5574b868416837c84c87a5f00b30ced3501
QuadChecker,Sensormatic,Deactivator / Activator,Not Specified,QuadChecker,Not Specified,fa481f640b899c423eb74db3961e64a2736a57ec
Ranger Antennas,Sensormatic,Detector,ZKRANGERPRO-1,Rangers,Not Specified,0fc1da554e577558788f4e94971b4aa91f99d053
Rapid Pad II Deactivator,Sensormatic,Deactivator / Activator,Not Specified,Rapid Pad II,Not Specified,b06bb2b00ea3d6b5fce1af9772bc3901e6864171
Rapid Pad II Deactivators Foot Link Switch,Sensormatic,Deactivator / Activator,Not Specified,Rapid Pad II,Not Specified,277ebd733b5580d63c1309fe4d0037b4ca0c07e4
Rapid Pad II,Sensormatic,Deactivator / Activator,Not Specified,Rapid Pad II,Not Specified,c1bdadcaa464d59ef609b2df3ea64069d6d2f17c
Rapid Pad II Power Pack Modification Kit,Sensormatic,Deactivator / Activator,Not Specified,Rapid Pad II,Not Specified,b86ba0cdf8e4d61e464fc21fd55b729eb544d3ca
Rapid Pad II Proximity Deactivators ZB500/ZB600,Sensormatic,Deactivator / Activator,ZB500/ZB600,Rapid Pad II,Not Specified,c7373a18a74944195df57cb1acf056cf0ae68727
Rapid Pad II Proximity Deactivators ZB501/ZB601,Sensormatic,Deactivator / Activator,ZB501/ZB601,Rapid Pad II,Not Specified,6b5fa40e2207297751c2de316f5c71c6f2e1ef3d
Rapid Pad II System Scanner Link Remote,Sensormatic,Deactivator / Activator,Not Specified,Rapid Pad II,Not Specified,2ffafee1ca741aa09ae0979c4354fff14a118124
Rapid Pad II-to-PowerPad Conversion Bracket,Sensormatic,Deactivator / Activator,Not Specified,Rapid Pad II,Not Specified,fa0935f6f830b8570af6f59bbf65dae3f886e2f4
RapidPad EM,Sensormatic,Deactivator / Activator,Not Specified,Rapid Pad EM,Not Specified,5aa56809d864467baa23a6edd190893d50b0b0ce
RapidPad EM Flush Mount Kit,Sensormatic,Deactivator / Activator,Not Specified,Rapid Pad EM,Not Specified,a6711ff950a655661877a18276d22b3a711bf741
RapidPad EM Under Conveyor Mount,Sensormatic,Deactivator / Activator,Not Specified,Rapid Pad EM,Not Specified,664904b17fbfa6a13a7d398a4bc902146babe9c6
UltraMax Systems,Sensormatic,Detector,Not Specified,"UltraMax, UltraMax System Performance",Not Specified,9ba80270056a79b790297e7606c7c9a6f7bb4382
RF Deactivator,Sensormatic,Deactivator / Activator,Not Specified,Not Specified,Not Specified,74a62e20b851a0442bff035a24297a1e3ab0d226
IDC-1000 RF Reader,Sensormatic,RFID,Not Specified,"IDC-1000, IDC-1020",Not Specified,634408bcef55057ad65c4c7bdbab5680907696f4
IDC-1020 RF Reader,Sensormatic,RFID,Not Specified,"IDC-1000, IDC-1020",Not Specified,ec77b714a341a0377870e2f704eeb7f991d9a7eb
IDA-1000 RFID Antenna,Sensormatic,RFID,Not Specified,IDA-1000,Not Specified,80e11712f5aa9ef26a1fc6ad11624b48312bdd07
IDA-2400 RFID Antenna,Sensormatic,RFID,Not Specified,IDA-1000,Not Specified,b7152d01ce748f7431fbf93b07cc34603ff0452f
RFx-100 Anti-Theft System,Sensormatic,Detector,Not Specified,Not Specified,Not Specified,ef92129ff499b5d059684ff1cf81e59955cb28f2
RFx-1000 Anti-Theft System,Sensormatic,Detector,Not Specified,Not Specified,Not Specified,6aa848dcd6ac247e1d1d7e5fcd017ddef3dce739
Scan-Thru Deactivator Foot Link Switch ZP517,Sensormatic,Deactivator / Activator,ZP517,Scan-Thru,Not Specified,48e07751cbd55330bb1f668c657740872b9bcd7b
Scan-Thru Deactivator Mounting Bracket,Sensormatic,Deactivator / Activator,Not Specified,Scan-Thru,Not Specified,c81446a1a11b0345da9954c411d618124d8ba463
Scan-Thru Deactivator Wal-Mart Bag Rack,Sensormatic,Deactivator / Activator,Not Specified,Scan-Thru,Not Specified,01af4cbaeb6dcae71ae0fcb1efea262144b8ebbd
Scan-Thru I,Sensormatic,Deactivator / Activator,Not Specified,Scan-Thru,Not Specified,24746f6aef82491c1ded4aa5ef72b040c1ce88c0
Scan-Thru II,Sensormatic,Deactivator / Activator,Not Specified,Scan-Thru II,Not Specified,dab17d9a8d22c22324bd76769b5d96ea281b84fa
Scan-Thru II Proximity Deactivator,Sensormatic,Deactivator / Activator,"ZBSCTHDE5-2, ZBSCTHDE5-3, ZBSCTHDE6-3",Scan-Thru II,Not Specified,0c4b66cfa81a62777b3a37c7e2c3384c7c6c004a
Scan-Thru Proximity Deactivator,Sensormatic,Deactivator / Activator,"ZBSCTHDE5, ZBSCTHDE6",Scan-Thru II,Not Specified,73c8f9ff4a81c4cf31d7b756dce6d0fcc64e4863
ScanMax Deactivator FootLink Option ZPSTP-FL,Sensormatic,Deactivator / Activator,Not Specified,Footlink,Not Specified,a94c9f47ac789db4679400f0e5f1c1ae59f2efd9
ScanMax Deactivator ZBSTP-PW,Sensormatic,Deactivator / Activator,Not Specified,"NCR, PowerPad, SelfCheck",Not Specified,9a7443dcdfe0758ea8097d31b26f77fde9522c8e
ScanMax Distance Deactivator,Sensormatic,Deactivator / Activator,Not Specified,ScanMax,Not Specified,435b6c8feab56151efeea48722102bf146bc71fc
ScanMax,Sensormatic,Deactivator / Activator,Not Specified,ScanMax,Not Specified,ab5ac55a3d9429f83ac85ca2c8e74afdacd9ddbc
ScanMax II Antenna Cable Plug Connection,Sensormatic,Deactivator / Activator,Not Specified,ScanMax,Not Specified,15d4d9943c0a4ae291d1de4c752a54a901298107
ScanMax II Distance Deactivators,Sensormatic,Deactivator / Activator,Not Specified,ScanMax,Not Specified,c7ba438549c8cdfd025ff8fbeb3b649aeb1b4053
ScanMax II Power Pack,Sensormatic,Deactivator / Activator,Not Specified,ScanMax,Not Specified,ee73c01f18642e76f1c57322b6d03098ccee03c0
ScanMax II Power Pack Under Counter Mounting Bracket ZBSLPP2-BR,Sensormatic,Deactivator / Activator,ZBSLPP2-BR,ScanMax,Not Specified,20a7ad4e82c2cd346d08f422d47c16bff145017a
ScanMax IP for Standard Cutout,Sensormatic,Deactivator / Activator,Not Specified,IP,Not Specified,8b643f133e84aa6f7ee4b637dd2f2093062e6e2a
ScanMax IP,Sensormatic,Deactivator / Activator,Not Specified,IP,Not Specified,9cbc45be30398995f19f516e14c6c735ad09abd7
ScanMax IP/IP2 Counter Extension,Sensormatic,Deactivator / Activator,Not Specified,IP,Not Specified,649d09a5a3c3a8a812b2b8d10f850d15478c125b
ScanMax Low Profile Antenna Conveyor Mounting ZPLW-B6,Sensormatic,Deactivator / Activator,Not Specified,Low Profile,Not Specified,143fbba155029e07f8557b3fa5f38d3b6fa6557d
ScanMax Low Profile Antenna Replacement ZPLPFM,Sensormatic,Deactivator / Activator,Not Specified,Low Profile,Not Specified,afa599e17a7d8e81cceeac1f356423b57bf6c0ca
ScanMax Low Profile Antenna Under Counter Mounting ZPLW-B2,Sensormatic,Deactivator / Activator,Not Specified,Low Profile,Not Specified,10fd15bb507de7eb98941ae937771ea0037dae53
ScanMax Low Profile Antenna ZBSTPLP,Sensormatic,Deactivator / Activator,Not Specified,Low Profile,Not Specified,c89814a101f27d9c12b76c12ae6aba0367688ab1
ScanMax Power Pack Under Counter Mounting Bracket ZBSTB-PK-B,Sensormatic,Deactivator / Activator,ZBSTP-PK-B,ScanMax,Not Specified,b9e9c6747646e16497ec672d27f13c563f1d49bb
ScanMax Power Pack ZBSTB-PK-1,Sensormatic,Deactivator / Activator,Not Specified,ScanMax,Not Specified,c64b180020cc9f4917651f2ba1dd27be5a8bbb9c
ScanMax Pro Controller,Sensormatic,Deactivator / Activator,Not Specified,ScanMax Pro,Not Specified,8ecd5161250d3e221ee5c1114f06fea29de026fa
Sekur Access Card Inhibit Board,Sensormatic,Detector,Not Specified,Security Tag,Not Specified,94e5a5aed9bbce12e6a9a586ee6cb0bef60de550
SekurMed Patient Monitoring System,Sensormatic,Detector,Not Specified,Security Tag,Not Specified,fa907420d06d74b2bce90013500fcb0b941408bd
Sekurpost and Sekurloop Systems,Sensormatic,Detector,Not Specified,Security Tag,Not Specified,80ff93da43e6321387345f42f38866d2be724d53
Flushmount P11 Antenna,Sensormatic,RFID,"IDE-ADAN-P11EU-1, IDE-ADAN-P11EU-2, IDE-ADAN-P11EU-3, IDE-ADAN-P11US-1, IDE-ADAN-P11US-2, IDE-ADAN-P11US-3",Flushmount P11 Antenna,Not Specified,484ba4225fdb9d2fb4fc500e88370ddd308cfc16
AdvanPay-120,Sensormatic,RFID,"IDE-ADPY-CF-EU-1, IDE-ADPY-CF-US-1",AdvanPay-120,Not Specified,4cf6d7eed28ab6ce88eeee200b9c791820a23d94
Sky Max Antennas Pendant Mount and Recessed Mount Kit,Sensormatic,Detector,"ZKSKYMAX, ZPSKYPM, ZPSKYRM",Sky Max,Not Specified,10ab1feed46db2c0a82477b946a4b4e29e7cb22c
SlimPad Antenna End-of-Counter Bracket Mounting ZPSL-B3,Sensormatic,Deactivator / Activator,ZBSTPSP-L,SlimPad,Not Specified,eb264ad4360a793f823b4075cc69121fc636f71b
SlimPad Antenna,Sensormatic,Deactivator / Activator,Not Specified,SlimPad,Not Specified,e8cabde1e0744d20a82be46a197dc56e2f8141a4
SlimPad Antenna Flush Mounting ZBSTPSP-L,Sensormatic,Deactivator / Activator,ZBSTPSP-L,SlimPad,Not Specified,55dedb204fe267b4666d201cffd75edf055c2be1
SlimPad Antenna Under Counter Mounting ZPSL-B2,Sensormatic,Deactivator / Activator,ZBSTPSP-L,SlimPad,Not Specified,08436e1a0dd1f64139d51436d13921fd6a786c9b
SlimPad/Scanner Co-Location Brackets,Sensormatic,Deactivator / Activator,Not Specified,SlimPad,Not Specified,fec748a3c26fa551e9805d292041d10aa742983b
SSC Dual System Cable,Sensormatic,Detector,Not Specified,Magnetic,Not Specified,95196e77bc82b8e2b9ece32b37cc4186cefb9b5c
SSC SensorStrip Checkout Control,Sensormatic,Detector,Not Specified,Magnetic,Not Specified,084fbae6de2f924532110e661f1b969e97864f26
SSC+ EAS System,Sensormatic,Detector,Not Specified,Magnetic,Not Specified,f194c56b544327d301f91d3430764709f7b4567b
SSC+ EAS System Synchronization Board,Sensormatic,Detector,Not Specified,Magnetic,Not Specified,0abb462521a65d65a6900b00abec0cdde26009d7
Standard Magnetics Detection Unit,Sensormatic,Detector,Not Specified,Magnetic,Not Specified,848fd58587597ff8ca4e0411d2e8150afd4fd633
SuperTag II,Sensormatic,EAS Tag/Label,Not Specified,Not Specified,Not Specified,5a0e00be365b31679319a71bedea6473f926705c
SuperTag Alarming Tag,Sensormatic,EAS Tag/Label,Not Specified,Alarming,Not Specified,d306ccc81a1e82acfda304003166582ff145d597
SuperTag Alarming Tag with Lanyard,Sensormatic,EAS Tag/Label,Not Specified,Alarming Tag with Lanyard,Not Specified,3aa5fd33c2117632694b73b77e66fe64cc04680e
SuperTag Detacher,Sensormatic,Detacher,Not Specified,"AMK-1000, AMK-1010, IDKM-1000, IDKM-1010, Powered",Not Specified,d5a58c25879505073b7e980066ef51badd0f30e8
SuperTag MK192 to MK200 Power Detacher,Sensormatic,Detacher,Not Specified,"MK192 to MK200 retrofit, Powered",Not Specified,79cadaf4629c035f741d33a102546764329e95ff
SuperTag MK20X Power Detacher,Sensormatic,Detacher,Not Specified,MK200,Not Specified,908105a5f15e5b03e930e26b1b36f29810443df4
Swept RF System XA2K-S EU,Sensormatic,Detector,Not Specified,Not Specified,Not Specified,e443b799fe9a3ed8658a1bc28aff1fe4e72b38cc
Synergy Antennas and Accessories,Sensormatic,Detector,Not Specified,Not Specified,Not Specified,f3e0ba89996f73742015cdde9d3dd3bc21ddf1b6
System One,Sensormatic,Detector,Not Specified,System One,Not Specified,4032d7688bba194d63ec3f82e63d4e774824e49b
Ferrite-Based Tags and Metal,Sensormatic,EAS Tag/Label,Not Specified,Not Specified,Not Specified,2fd834c107d4f284c066e803bb68a93d26ad15c0
Tags with Ball Clutch Mechanism,Sensormatic,EAS Tag/Label,Not Specified,Not Specified,Not Specified,efc3040c68382b6711fabba91a3fa28f9e6a4d71
TellTag System,Sensormatic,Detector,Not Specified,TellTag,Not Specified,957d99a600b2b1aab78ae457449a04b99ebe2ed5
Tie Lock,Sensormatic,EAS Tag/Label,Not Specified,Tie Lock,Not Specified,648a90c5c07ce92ca5e7b5f2a86c6dcf2843f6ef
TL-900 Double Checker,Sensormatic,Deactivator / Activator,Not Specified,Not Specified,Not Specified,166ed9ef23425b8ee1a455cb0df80aa1eb4d0d57
Ultra Lock Tag,Sensormatic,EAS Tag/Label,"ZLUCLIP 1 A, ZLUCLIP 2 B, ZLUCLIP 3 C, ZLUCLIP 4 D, ZLULOCK-1",UltraLock,Not Specified,4bcf4f4bdb54d51c750369e9ff09e2bb565a0de3
UltraMax Compact Disc Label,Sensormatic,Deactivator / Activator,Not Specified,Not Specified,Not Specified,eb7f98872b134b71520defd7762c7ec3b5f420a2
UltraMax Deactivators Acousto-Link Option ZPACLNK,Sensormatic,Deactivator / Activator,Not Specified,Not Specified,Not Specified,2ad7bba09dbbb97f60cd293c8ed63bd8aa174708
Ultra Post 6 AMS-1014 Pedestal,Sensormatic,Detector,"AMS-1014 , AMS-USUP, ZS1014-P, ZS1014-S",Ultra Post VI,Not Specified,19499fce0288f5b8c7d7241828ea7435670c64e7
Ultra Post Advertising Upgrade Kit,Sensormatic,Detector,ZPUP-PSTPANEL,Options,Not Specified,8b09c0e4660c6115ca8615e55a619892dd1bfc7f
Ultra Post Aisle Detector,Sensormatic,Detector,Not Specified,"Ultra Post Aisle, Ultra Post Plus",Not Specified,b76d8e61e3be43ea94de4dcb397a76ba9237f3c9
Ultra Post Counter,Sensormatic,Detector,ZPCOUNT,Options,Not Specified,724b43409d02eb3c432a442b1fa305acec25cb48
Ultra Post Detectors Fan,Sensormatic,Detector,Not Specified,"Ultra Post I, Ultra Post II",Not Specified,ed2f71e1eeb1585fa948e45fe0cd8be6f3cc5c4a
Ultra Post EAS System,Sensormatic,Detector,Not Specified,"Ultra Post I, Ultra Post II",Not Specified,3c37d52c482c58bbd62debd57c248511758138b5
Ultra Post IV,Sensormatic,Detector,Not Specified,Not Specified,Not Specified,f3399bcb29ecfbd75737fa1c213cb252aeb7440f
Ultra Post Ferrite Antennas,Sensormatic,Detector,Not Specified,Rangers,Not Specified,a89053224c0187540edb4b1793bc88cd97847dac
Ultra Post Quick Open Fastener,Sensormatic,Detector,Not Specified,Ultra Post I,Not Specified,5f25a8a89ab0cd109f349b6b647a6d143773aa16
Ultra Post II Detector,Sensormatic,Detector,"ZAUPMH2, ZAUPML2, ZAUPSL2","Ultra Post II, Ultra Post III",Not Specified,5a01ae131820b4399492a946e5bb63d294e33999
Ultra Post II Upgrade Kit,Sensormatic,Detector,Not Specified,Ultra Post II,Not Specified,b72bb6a28d5d484cbcb6904c2222d439e518aebe
Ultra Post III Detector,Sensormatic,Detector,"ZAUPMH2, ZAUPSH2, ZS1012-P, ZS1012-S","Ultra Post III, Ultra Post IV",Not Specified,15ec37f3ff6d1133be74d68eaa159afb2bcfed14
Ultra Post Integrated People Counting 2 Kit,Sensormatic,Detector,"ZPUE-PCNTR2, ZPUP-PC2-CBLKIT","Ultra Post IV, Ultra Post VI",Not Specified,ffac6b66f163d7db9faae7a825a4f0b89357b3bf
Ultra Post IV and AMS-9040 Wired Synchronization Kit,Sensormatic,Detector,0352-0222-01,Options,Not Specified,927fbcc960c12ca510c50b995583667df7766308
Ultra Post IV People-Counting Interconnect Cable,Sensormatic,Detector,"ZPUP-ICBL-12M, ZPUP-ICBL-15M, ZPUP-ICBL-4M",Ultra Post IV,Not Specified,eee990b6251419c8f0acc4f9430164586faa338b
Ultra Post IV People-Counting Kit,Sensormatic,Detector,ZPUP-PEOPLECNTR,Ultra Post IV,Not Specified,e490580b2ee6daf70bf14b70916e2067fa5b28a3
Ultra Post IV Secondary Pedestal Interconnect Cable,Sensormatic,Detector,"ZPUP-ICBL-12M, ZPUP-ICBL-15M, ZPUP-ICBL-4M",Ultra Post IV,Not Specified,e86d7f8718fd6ece1b7714240bd1a3398e3b0e75
Ultra Post IV Detector,Sensormatic,Detector,"ZS1012-P, ZS1012-SZPUP-PEOPLECNTR",Ultra Post IV,Not Specified,283531e3f52fd53e1267c90b50e67772149a7be5
Ultra Post Module Upgrade,Sensormatic,Detector,Not Specified,Ultra Post I,Not Specified,7b1da041487241f76741fec2b021eb6f47423d5e
Ultra Post Plus Aisle Detector,Sensormatic,Detector,Not Specified,Ultra Post Plus,Not Specified,54daf6b71a1697861531db8ae4dc602ddc9eef19
Ultra Post Plus,Sensormatic,Detector,Not Specified,Not Specified,Not Specified,2324735c821f9d48d0b6d372c85222f9569f25db
Ultra Post Plus Controller,Sensormatic,Detector,"ZEUPPLUS, ZEUPPLUS-E3",Ultra Post Plus,Not Specified,ea1100651cb81d658bb5966353c254077557887e
Ultra Post Plus Power Pack Keyswitch,Sensormatic,Detector,ZPUPPLUS-KEY,Ultra Post Plus,Not Specified,187a6f01c7ae6df0fb0fa8574840d5d95e408d73
Ultra Post Plus Power Pack Plenum Kit,Sensormatic,Detector,Not Specified,Ultra Post Plus,Not Specified,8fd0251e86b99fed5384e0be4e863de90e281b9a
Ultra Post Plus Secondary Pedestals,Sensormatic,Detector,Not Specified,Ultra Post Plus,Not Specified,491cc1313faef35e38ad89715ef457599c9ddba7
Ultra Post Power Adapter,Sensormatic,Detector,Not Specified,"Ultra Post Aisle, Ultra Post I, Ultra Post II, Ultra Post III, Ultra Post IV",Not Specified,ceefb1dcffa453109e2a983486622b19b2590845
Ultra Post Secondary Pedestal Interconnect Cable,Sensormatic,Detector,Not Specified,"Ultra Post I, Ultra Post II",Not Specified,99695d7c8afbd2f31d23abb4c2b48adf0645f307
Ultra Post Shield,Sensormatic,Detector,Not Specified,Options,Not Specified,821130ef501a3a88ec917889b115fbb550042302
Ultra Post Upgrade Kit,Sensormatic,Detector,Not Specified,"Ultra Post I, Ultra Post II",Not Specified,69f5c6114c6802c130f588f926fdf95bea224ccd
Ultra Post Wired Synchronization,Sensormatic,Detector,0351-1305-01,Options,Not Specified,6d300b20d90611f39a34e1eb3378a71554620105
Ultra Strip Hand-Held Label Applicator,Sensormatic,EAS Tag/Label,Not Specified,Not Specified,Not Specified,52f9c9deffa9451db64c6b51492b54e270981142
Ultra Strip Label,Sensormatic,EAS Tag/Label,ZB601DBLCHK,Ultra Strip,Not Specified,ed8db66a823ad0ea5ed1b5759939d79fc9c73ab6
UltraMax Phasing Tool,Sensormatic,Detector,Not Specified,Not Specified,Not Specified,83292006fe5e6ddbe7783b96ecf29d13359e6ee9
UltraMax 1.0 System,Sensormatic,Detector,Not Specified,UltraMax,Not Specified,005303a087e03c410a2070e9cad834d25c93dc79
UltraMax 1.5 EAS Detection Unit,Sensormatic,Detector,Not Specified,UltraMax,Not Specified,289924f35b919bc0be54c073859d929527e60ab5
UltraMax 1.5 Stand-Alone Pedestals Piezo,Sensormatic,Detector,Not Specified,UltraMax,Not Specified,153fdf6129e52d16025b34a248460ef239ff96a9
UltraMax 1.6 EAS Detection Unit,Sensormatic,Detector,Not Specified,UltraMax,Not Specified,7433d0cf82f1b86049b5bf5564e23426a63cf7f9
UltraMax 1.6 Pedestal Edge Piece ZP30-1,Sensormatic,Detector,Not Specified,UltraMax,Not Specified,714fda559cc42a14b5623bae05b440715c60ab5f
UltraMax 1.7 EAS System,Sensormatic,Detector,Not Specified,UltraMax,Not Specified,569724661c7b06524a27deab8e76d4db3b070572
UltraMax Deactivator,Sensormatic,Deactivator / Activator,Not Specified,"Rapid Pad, Scan-Thru, SlimPad",Not Specified,306f2d9dcba39e7f9f3fdf93a348179b6f94aef8
UltraMax Detector Metal Cart Detuner,Sensormatic,Detector,Not Specified,Cart Detuner,Not Specified,756222692b88c99a7606e266af1be1ed7fa1082d
UltraMax Detectors,Sensormatic,Detector,Not Specified,"Outdoor Pedestal, Pro-Max, Pro-Max II, Stand-Alone",Not Specified,d1058a3e09d8318a4be288f91e75ac638ff8a173
UltraMax Doublechecker,Sensormatic,Deactivator / Activator,"ZB749XP, ZB750XP, ZB949XP, ZB950XP",Not Specified,Not Specified,9da55e03c1beb1c31503c53c34338042a3f7d1d8
UltraMax eMax II,Sensormatic,Detector,Not Specified,"APS-100, APS-1000",Not Specified,6cfb6b3992778b96c0e1eebf8636f39d56704abc
UltraMax Euro Doublechecker,Sensormatic,Deactivator / Activator,Not Specified,Not Specified,Not Specified,ed91a070b3504deca1006bfa89755173bdb1885d
UltraMax EuroMax Plus Pedestals,Sensormatic,Detector,Not Specified,Ultra Post Plus,Not Specified,df2d0d89400a2ff8935f4c7f736990120ed4f236
UltraMax EuroPro-Max II Pedestals,Sensormatic,Detector,Not Specified,EuroPro-Max,Not Specified,23d5616fc5c02973b5129187df41af2b962b28f0
UltraMax EuroPro-Max III Cap Board Adapter,Sensormatic,Detector,0351-1631-01,EuroPro-Max,Not Specified,a3944f24e90597498967a8319e8be244f62850b6
UltraMax EuroPro-Max III Pedestals,Sensormatic,Detector,Not Specified,EuroPro-Max,Not Specified,bcc45b991345ff5ac7b509d313cdf7ceacc7ea27
UltraMax EuroPro-Max Pedestals Ballast Noise Cancel Board,Sensormatic,Detector,0351-1652-01,EuroPro-Max,Not Specified,07766076cbd9777e272128e6b874d51ecd5e9ec7
UltraMax Hand-Held Verifier,Sensormatic,Deactivator / Activator,Not Specified,Not Specified,Not Specified,e80ebb939b2b449fa4884ee7d08b2f2f809b0bb1
UltraMax HHV,Sensormatic,Deactivator / Activator,Not Specified,Not Specified,Not Specified,5d4b20053e44b7cb3589943ee6637142a4586cbb
UltraMax Indoor Enclosures ZP702,Sensormatic,Detector,ZP702,Options,Not Specified,541b8ebfe4fe61d4a66d75f8c44a8267a82416e5
UltraMax Label Applicator/Dispenser ZK2000,Sensormatic,EAS Tag/Label,Not Specified,ZK2000,Not Specified,f49f4df188b5eb9cc9a6c36e7d0c474319b9816c
UltraMax M2K  Power Pack,Sensormatic,Detector,Not Specified,Controller,Not Specified,a87827ea92bdc51dfc0415759d733daa75fb927a
UltraMax M4K CE Power Pack,Sensormatic,Detector,Not Specified,Controller,Not Specified,495ae168c557b4d070134382260fcb97626fcaec
UltraMax M4K Power Pack PFC/Main Transmitter PC Board,Sensormatic,Detector,0351-2140-01,Controller,Not Specified,ff7f2304d68f8814e46dbae684d3f4b32600aaf3
UltraMax M4KCE5 Power Pack,Sensormatic,Detector,Not Specified,Controller,Not Specified,17b2c85a514443b9618205e0a6e586c641dd98c6
UltraMax MK125 Hand-Held Detacher,Sensormatic,Detacher,Not Specified,"Hand-Held, MK125",Not Specified,fed3b990ebfae02968f664d5d3c1b1cba7e8eebe
UltraMax MK90 Flush Mount Detacher Retrofit,Sensormatic,Detacher,Not Specified,MK90 / 91 / 190,Not Specified,6f7230343f29d85f50b0d6a7b6ff9a0b2ef140bf
UltraMax MK190 Flush Mount Detacher Retrofit,Sensormatic,Detacher,Not Specified,MK90 / 91 / 190,Not Specified,735ffc0489fe34a2bc9c734a5ef36c9ae2484333
UltraMax MultiMedia Activator,Sensormatic,Deactivator / Activator,ZKVIDACT,MultiMedia Activator,Not Specified,3d3b0bbb10ea02cd4cf7a0217464745223101c29
UltraMax MultiMedia Deactivator,Sensormatic,Deactivator / Activator,ZBMMECDE,MultiMedia Deactivator,Not Specified,268fc7905f4828ff955e080842323fc28226c890
UltraMax MultiMedia,Sensormatic,Deactivator / Activator,"ZBMMECDE, ZKVIDACT",MultiMedia Products,Not Specified,8b27280c04845f30ab1073c514e5cb60ae8a0c33
UltraMax Outdoor Enclosure Capacitor Board Panel ZPPANEL,Sensormatic,Detector,ZPPANEL,Options,Not Specified,b747e7857a3b36a7bbdf8b730ae3a4ebe7ce8e76
UltraMax Outdoor Enclosure Remote Alarm Board,Sensormatic,Detector,Not Specified,Options,Not Specified,e696dcbb2a67d7272fb135c93e0dafe01965fcc6
UltraMax Outdoor Enclosure ZP600,Sensormatic,Detector,ZP600,Options,Not Specified,50f0e8930c7bb8c30c6b282114c6bf6f3a64ea44
UltraMax Outdoor Pedestal,Sensormatic,Detector,Not Specified,Outdoor Pedestal,Not Specified,56bffb0396ef83ba45f090d35a8e617e51be0382
UltraMax Overhead Antennas,Sensormatic,Detector,Not Specified,Overhead Antenna,Not Specified,61f4bc9082923b24016260ec8a6163c886eea906
UltraMax Pedestals Ballast Noise Cancel Board,Sensormatic,Detector,0351-1650-01,Options,Not Specified,2969321cf0b19c26d0658075ef6f1487384cc69a
UltraMax Phasing Tool 433MHz,Sensormatic,Detector,Not Specified,Phasing Tools,Not Specified,ff55eb0770780949cf1f008f553f86a4ba52ccaf
UltraMax Phasing Tool 900MHz,Sensormatic,Detector,0100-2321-01,Phasing Tools,Not Specified,1ee478a6dc535d4cf198495f4d172e6ba3a712ea
UltraMax Phasing Tool AMX-1000,Sensormatic,Detector,Not Specified,Phasing Tools,Not Specified,aea8c6b5b27fa3fd316faf07275f155e0f755c66
UltraMax QuadChecker,Sensormatic,Deactivator / Activator,Not Specified,Not Specified,Not Specified,f92265d4ed608a5f9bb81be45fbdd513bb4ff3ab
UltraMax Relay Expansion Box,Sensormatic,Detector,Not Specified,Relay Expansion Boxes,Not Specified,c115c2149925042a222800698b558a92e1d3b91d
UltraMax Remote Tone Detector,Sensormatic,Detector,Not Specified,Remote Alarms/Beacons,Not Specified,2f77a937210ea64a647b9a820c690a9d7c1c190f
UltraMax Remote Tone Detector ZCRTD-1,Sensormatic,Detector,Not Specified,Remote Alarms/Beacons,Not Specified,fac882b46b3dc93137a098e4e42d2fcc91419a7a
UltraMax Sky Max Antennas Recessed Mount,Sensormatic,Detector,Not Specified,Sky Max,Not Specified,c6ab776ebf500cbacb8d790f6baf8dfcf73125ba
UltraMax SpeedStation I and II,Sensormatic,Deactivator / Activator,Not Specified,Not Specified,Not Specified,d715846a36e7cc1886429ebff554dcca8a5528a3
UltraMax Stand-Alone and EuroMax Detectors 1.6 Receiver Enhancement,Sensormatic,Detector,9000-0641-01,"EuroMax, Stand-Alone",Not Specified,b7a9c92febf08b0a60bafd2f4b0cb54bc4c56fd9
UltraMax Stand-Alone M2K EAS System,Sensormatic,Detector,Not Specified,"EuroMax, Stand-Alone",Not Specified,264d5dd76da236ba0332a580208658ea64d886e7
UltraMax EuroMax M2K EAS System,Sensormatic,Detector,Not Specified,"EuroMax, Stand-Alone",Not Specified,cedfa5e0a29a6ee0439710390f9a67a1efde040a
UltraMax Detection Unit,Sensormatic,Detector,Not Specified,UltraMax,Not Specified,ba52c15001c8aad11232272cc43b5ef777b76f79
UltraMax Universal Outdoor Enclosure ZPUODPP-ENC,Sensormatic,Detector,UM HB2A,Options,Not Specified,e48887d4db08c4274fe8de0d7565223ada4fe295
UltraMax Universal Phase Shift PCB,Sensormatic,Detector,Not Specified,UltraMax,Not Specified,c1ace164a534cb2ef4bc936b2a65afa25381b0e0
UltraMax Wide Exit Kit 15.5' - 20' Kit,Sensormatic,Detector,Not Specified,Floor-Max,Not Specified,8214b11f7aaec999d9a3ac4dab03cac1f11515b7
UltraMax ZK151 Deactivator,Sensormatic,Deactivator / Activator,Not Specified,Not Specified,Not Specified,4f8a3428f279ab7da3e927c6a97842eba30ccd88
UltraTack,Sensormatic,EAS Tag/Label,Not Specified,UltraTack,Not Specified,4e3b3000e6aadd83408c0873251c4106c380950b
Universal Detacher,Sensormatic,Detacher,0100-0287-01,"Standard, Universal",Not Specified,92f85dd749c86279b43074a1cd21bb6110c28213
Universal Power Pack,Sensormatic,Detector,Not Specified,Microwave,Not Specified,ee0b11066672a0df22051b0c4f7da8e71c146583
Universal Transformer,Sensormatic,Deactivator / Activator,Not Specified,Universal Transformer,Not Specified,10ffc7fc111df02181c6ae8cfafa03131ad52c42
VersaTack and VersaClip,Sensormatic,EAS Tag/Label,Not Specified,"VersaClip, VersaTack",Not Specified,13e19cc45495e18a574051ad0b5b9c64db65678a
VersaTie,Sensormatic,EAS Tag/Label,Not Specified,VersaTie,Not Specified,e7f1962a062e28e218e70520ff3ed7cd21c66b68
Vortex Grounding Kit,Sensormatic,Detector,Not Specified,Microwave,Not Specified,fce9d32ea03e24b9284cfb689270ed3d0602fc47
VST ILI Tags RFID,Sensormatic,EAS Tag/Label,Not Specified,SuperTag VST,Not Specified,938d0a59ed53871ae4572bf3f3fab304acab0d58
Wide Exit Power Pack,Sensormatic,Detector,PEWIDEEXIT,Magnetic,Not Specified,a4f408e074371f311e54c74879b64cd7bde14b80
Wireless Synchronization Module AMC-4010,Sensormatic,Detector,Not Specified,"AMC-4010, Options",Not Specified,a56fd7cad8e688ac14d8d03a9235bc51c3275421
4010ES IDNAC Fire Alarm Control Unit,Simplex,Fire Alarm Control Unit,"2081-0012, 4010-0831, 4010-6305, 4010-6310, 4010-8810, 4010-9601, 4010-9602, 4010-9602BA, 4010-9603, 4010-9604, 4010-9606, 4010-9608, 4010-9609, 4010-9610, 4010-9621, 4010-9621BA, 4010-9622, 4010-9622BA, 4010-9623, 4010-9623BA, 4010-9624, 4010-9624BA, 4010-9901, 4010-9908, 4010-9909, 4010-9910, 4010-9911, 4010-9912, 4010-9914, 4010-9915, 4010-9916, 4010-9918, 4010-9922, 4010-9923, 4010-9928, 4010-9929, 4010-9930, 4010-9935, 4098-9710, 4098-9754, 4098-9757, 4100-0292, 4100-0295, 4100-0296, 4100-0298, 4100-0650, 4100-5128, 4100-7400, 4100-7401, 4100-7402, 4100-7403, 4100-7404, 4100-8802, 4100-9400, 4100-9401, 4100-9403, 4100-9441, 4100-9443, 4100-9843, 4100-9844, 4100-9845, 4100-9855, 4190-6105, 4602-6001, 4602-7001, 4602-7101, 4602-9101, 4602-9102, 4602-9150, 4606-9102, 579-1150, 579-1236, 579-832, 579-969",Not Specified,Not Specified,172d640da0e7ecdee1317a60404e732ae0996f33
exacqVision Professional and Enterprise,Exacq,VMS Software,Not Specified,Not Specified,Not Specified,eed9c6c25022273917e24a26159371e5438bec12
Johnson Controls Enterprise Management,Johnson Controls,"Connected Offerings, Digital Solutions, Software Application","CPN-B1-10M-8, CPN-B1-11M-8, CPN-B1-12M-8, CPN-B1-13M-8, CPN-B1-14M-8, CPN-B1-15M-8, CPN-B1-16M-8, CPN-B1-17M-8, CPN-B1-18M-8, CPN-B1-19M-8, CPN-B1-1M-8, CPN-B1-20M-8, CPN-B1-21M-8, CPN-B1-22M-8, CPN-B1-23M-8, CPN-B1-24M-8, CPN-B1-25M-8, CPN-B1-26M-8, CPN-B1-27M-8, CPN-B1-28M-8, CPN-B1-29M-8, CPN-B1-2M-8, CPN-B1-30M-8, CPN-B1-31M-8, CPN-B1-32M-8, CPN-B1-33M-8, CPN-B1-34M-8, CPN-B1-35M-8, CPN-B1-36M-8, CPN-B1-3M-8, CPN-B1-4M-8, CPN-B1-5M-8, CPN-B1-6M-8, CPN-B1-7M-8, CPN-B1-8M-8, CPN-B1-9M-8, CPN-B1-N-1Y, CPN-B1-N-3Y, CPN-C1-10M-8, CPN-C1-11M-8, CPN-C1-12M-8, CPN-C1-13M-8, CPN-C1-14M-8, CPN-C1-15M-8, CPN-C1-16M-8, CPN-C1-17M-8, CPN-C1-18M-8, CPN-C1-19M-8, CPN-C1-1M-8, CPN-C1-20M-8, CPN-C1-21M-8, CPN-C1-22M-8, CPN-C1-23M-8, CPN-C1-24M-8, CPN-C1-25M-8, CPN-C1-26M-8, CPN-C1-27M-8, CPN-C1-28M-8, CPN-C1-29M-8, CPN-C1-2M-8, CPN-C1-30M-8, CPN-C1-31M-8, CPN-C1-32M-8, CPN-C1-33M-8, CPN-C1-34M-8, CPN-C1-35M-8, CPN-C1-36M-8, CPN-C1-3M-8, CPN-C1-4M-8, CPN-C1-5M-8, CPN-C1-6M-8, CPN-C1-7M-8, CPN-C1-8M-8, CPN-C1-9M-8, CPN-C1-N-1Y, CPN-C1-N-3Y, CPN-C2-10M-8, CPN-C2-11M-8, CPN-C2-12M-8, CPN-C2-13M-8, CPN-C2-14M-8, CPN-C2-15M-8, CPN-C2-16M-8, CPN-C2-17M-8, CPN-C2-18M-8, CPN-C2-19M-8, CPN-C2-1M-8, CPN-C2-20M-8, CPN-C2-21M-8, CPN-C2-22M-8, CPN-C2-23M-8, CPN-C2-24M-8, CPN-C2-25M-8, CPN-C2-26M-8, CPN-C2-27M-8, CPN-C2-28M-8, CPN-C2-29M-8, CPN-C2-2M-8, CPN-C2-30M-8, CPN-C2-31M-8, CPN-C2-32M-8, CPN-C2-33M-8, CPN-C2-34M-8, CPN-C2-35M-8, CPN-C2-36M-8, CPN-C2-3M-8, CPN-C2-4M-8, CPN-C2-5M-8, CPN-C2-6M-8, CPN-C2-7M-8, CPN-C2-8M-8, CPN-C2-9M-8, CPN-C2-N-1Y, CPN-C2-N-3Y, MS-ME-T100250-8, MS-ME-T100500-8, MS-ME-T10100-8, MS-ME-T101000-8, MS-ME-T1025-8, MS-ME-T10250-8, MS-ME-T1050-8, MS-ME-T10500-8, MS-ME-T250500-8, MS-ME-T25100-8, MS-ME-T251000-8, MS-ME-T25250-8, MS-ME-T2550-8, MS-ME-T25500-8, MS-ME-T50100-8, MS-ME-T501000-8, MS-ME-T50250-8, MS-ME-T50500-8, MS-MEM-BH-1Y, MS-MEM-BH-3Y, MS-MEM-BH-B, MS-MEM-BH-B3, MS-MEM-DH-1Y, MS-MEM-DH-3Y, MS-MEM-DH-B, MS-MEM-DH-B3, MS-MEM-E15H-1Y, MS-MEM-E15H-3Y, MS-MEM-E15H-B, MS-MEM-E15H-B3, MS-MEM-E30H-1Y, MS-MEM-E30H-3Y, MS-MEM-E30H-B, MS-MEM-E30H-B3, MS-MEM-EQP-1Y, MS-MEM-EQP-3Y, MS-MEM-HBD-8, MS-MEM-HBE15-8, MS-MEM-HBE30-8, MS-MEM-HBP-8, MS-MEM-HDE15-8, MS-MEM-HDE30-8, MS-MEM-HDP-8, MS-MEM-HE1530-8, MS-MEM-HPE15-8, MS-MEM-HPE30-8, MS-MEM-HWHDC-0, MS-MEM-KIO-1Y, MS-MEM-KIO-3Y, MS-MEM-PH-1Y, MS-MEM-PH-3Y, MS-MEM-PH-B, MS-MEM-PH-B3, MS-MEM-SP-1Y, MS-MEM-SP-3Y, MS-MEM-SP-M, MS-MEM-T10-1Y, MS-MEM-T10-3Y, MS-MEM-T100-1Y, MS-MEM-T100-3Y, MS-MEM-T1000-1Y, MS-MEM-T1000-3Y, MS-MEM-T25-1Y, MS-MEM-T25-3Y, MS-MEM-T250-1Y, MS-MEM-T250-3Y, MS-MEM-T50-1Y, MS-MEM-T50-3Y, MS-MEM-T500-1Y, MS-MEM-T500-3Y",Not Specified,Building Automation and Controls,99481fc08ff8e7e99f643f816ae0ceed73bf5e63
Modbus Vendor Integration,Metasys,System Integration,Not Specified,Not Specified,Building Automation and Controls,ea781dbdb5a10ae8c974527e1b4d11603796bd70
SNC16120 Network Control Engine,Metasys,Supervisory Device,"M4-SNC16120-0, M4-SNC16120-04, M4-SNC25150-0, M4-SNC25150-04",Not Specified,Building Automation and Controls,856f6f6f3dc64c34cc27ec94dd842e0a7f743e95
